2020,McLaren,Speedtail,8,10,10,10,10,48,7,4,7,2,6,26,74,38:57,https://www.youtube.com/watch?v=_UKBxM7m7qo,Columbus,Ohio,UK
1994,McLaren,F1,8,9,10,10,10,47,2,3,9,3,10,27,74,39:50,https://www.youtube.com/watch?v=EkYVXIWAPnc,Burbank,California,UK
2022,Lucid,Air Dream Edition,7,10,6,7,8,38,9,8,7,5,6,35,73,39:40,https://www.youtube.com/watch?v=tRUvz1QPueA,Los Angeles,California,USA
2022,GMC,Hummer EV Pickup,5,9,4,9,7,34,9,7,7,9,7,39,73,33:42,https://www.youtube.com/watch?v=GKOWsU2F2Vc&t=33s,Detroit,Michigan,USA
2021,Rivian,R1T,7,9,5,9,7,37,7,6,6,9,8,36,73,44:48,https://www.youtube.com/watch?v=CYrunRy8hmw&t=49s,San Diego,California,USA
2021,Tesla,Model S Plaid,6,10,6,8,7,37,9,7,6,7,7,36,73,38:32,https://www.youtube.com/watch?v=qen0ZlZM0ZA&t=5s,Los Angeles,California,USA
2019,Bugatti,Divo,8,10,9,10,10,47,6,5,7,1,7,26,73,38:36,https://www.youtube.com/watch?v=LAWt2yrGq98&t=2s,Palm Beach,Florida,France
2021,Bugatti,Chiron Pur Sport,9,10,9,10,10,48,6,5,7,1,6,25,73,31:04,https://www.youtube.com/watch?v=0FWyynApqp8&t=484s,Newport Beach,California,France
2018,Bugatti,Chiron,9,10,9,10,10,48,6,5,7,1,6,25,73,35:06,https://www.youtube.com/watch?v=kcmWknKtJkk,Toronto,Ontario,France
2020,Ferrari,Monza SP1,9,10,10,10,10,49,5,2,8,1,7,23,72,32:13,https://www.youtube.com/watch?v=jkWLyw2DTmI,Thermal,California,Italy
2021,Mercedes,AMG E63 Wagon,7,9,6,7,6,35,9,7,7,8,6,37,72,26:44,https://www.youtube.com/watch?v=27UiWQIe5no,Sacramento,California,Germany
2021,Rimac,Nevera,7,10,10,10,10,47,7,3,6,2,7,25,72,35:26,https://www.youtube.com/watch?v=1Hgs3hEZnDQ&t=1s,Los Angeles,California,Croatia
2021,Koenigsegg,Regera,8,10,10,10,10,48,6,3,8,1,6,24,72,38:01,https://www.youtube.com/watch?v=fmPwMGmg-h4&t=1s,Columbus,Ohio,Sweden
2021,McLaren,Sabre,8,10,10,10,9,47,6,3,8,2,6,25,72,15:01,https://www.youtube.com/watch?v=csLj4JSegy4,Columbus,Ohio,UK
2021,Ferrari,SF90 Stradale,8,10,10,9,9,46,6,4,8,2,6,26,72,35:34,https://www.youtube.com/watch?v=1voRy666WEE&t=1523s,Los Angeles,California,Italy
2021,Audi,RS6 Avant,7,8,6,7,7,35,9,7,8,8,5,37,72,28:12,https://www.youtube.com/watch?v=ANhXW6Qq9_0&t=142s,Costa Mesa,California,Germany
2020,Porsche,Taycan Turbo S,7,10,6,8,8,39,8,7,8,5,5,33,72,35:19,https://www.youtube.com/watch?v=0vq6KEOIiMg&t=88s,Los Angeles,California,Germany
2015,Ferrari,LaFerrari,9,10,10,10,10,49,6,3,7,1,6,23,72,38:04,https://www.youtube.com/watch?v=ngLQfhJZ7Rs,Los Angeles,California,Italy
2019,Ferrari,488 Pista,8,10,10,10,8,46,6,4,8,2,6,26,72,22:21,https://www.youtube.com/watch?v=ZhYHUyG9h30,Newport Coast,California,Italy
2018,Koenigsegg,Agera RS1,8,10,10,10,10,48,6,3,8,1,6,24,72,38:23,https://www.youtube.com/watch?v=_eXcPKdarLQ,Calabasas,California,Sweden
2019,Mercedes-Benz,GT63S 4-Door,7,9,7,8,6,37,9,7,7,6,6,35,72,25:13,https://www.youtube.com/watch?v=5IXKTWX4MUo,Newport Beach,California,Germany
2018,Mercedes-Benz,E63S AMG Wagon,7,9,6,7,6,35,9,7,7,8,6,37,72,27:19,https://www.youtube.com/watch?v=t_q95Ty7aTo,Hunt Valley,Maryland,Germany
2015,Porsche,918 Spyder,8,10,10,10,10,48,6,3,8,1,6,24,72,29:49,https://www.youtube.com/watch?v=jiKPTadNbPc,Franklin,Tennessee,Germany
2022,Tesla,Model X Plaid,5,10,5,7,6,33,9,7,6,9,7,38,71,37:08,https://www.youtube.com/watch?v=G4FToV2F4Ys&t=1s,Los Angeles,California,USA
2022,Porsche,Taycan GTS Sport Turismo,7,9,6,8,7,37,8,7,8,6,5,34,71,24:04,https://www.youtube.com/watch?v=D8xlkgHmC8k,San Diego,California,Germany
2021,Porsche,Taycan Turbo CrossTurismo,7,9,6,8,7,37,8,7,8,6,5,34,71,26:41,https://www.youtube.com/watch?v=mNpEdKgoUK8&t=146s,San Diego,California,Germany
2022,Audi,RS E-Tron GT,7,9,6,8,7,37,8,7,8,5,6,34,71,24:16,https://www.youtube.com/watch?v=KqbRRqaMYMA&t=1s,Los Angeles,California,Germany
2020,Ferrari,812 GTS,8,10,9,9,9,45,6,5,8,2,5,26,71,24:45,https://www.youtube.com/watch?v=C1wNQtPcQUw&t=34s,Los Angeles,California,Italy
2018,Ferrari,812 Superfast,8,10,9,9,8,44,6,5,8,2,6,27,71,25:18,https://www.youtube.com/watch?v=r5K49HczLvM,Los Angeles,California,Italy
2020,Ferrari,F8 Tributo,9,10,9,9,8,45,6,4,8,2,6,26,71,24:10,https://www.youtube.com/watch?v=fSSj2QUtgsQ,Los Angeles,California,Italy
2020,Lamborghini,Huracan Evo Spyder,8,10,10,9,8,45,6,4,8,2,6,26,71,24:29,https://www.youtube.com/watch?v=2uY62E1KLUI,San Diego,California,Italy
2014,McLaren,P1,8,10,10,10,10,48,6,3,7,1,6,23,71,38:13,https://www.youtube.com/watch?v=og-cW8zMGBc&t=231s,Newport Beach,California,UK
2019,McLaren,Senna,7,10,10,10,10,47,6,2,8,1,7,24,71,33:51,https://www.youtube.com/watch?v=Wpq4Y57K1eU&t=120s,Boerne,Texas,UK
2019,Lamborghini,Urus,6,8,6,7,7,34,8,7,8,8,6,37,71,19:47,https://www.youtube.com/watch?v=X5ZHl3GERI0,La Jolla,California,Italy
2015,Ferrari,458 Speciale A,8,9,10,10,8,45,6,4,8,2,6,26,71,21:12,https://www.youtube.com/watch?v=ujl0NYeDJoI,Irvine,California,Italy
2018,Porsche,911 GT2RS,7,10,10,10,9,46,6,3,8,2,6,25,71,21:30,https://www.youtube.com/watch?v=C3N61UZ6Z84,Redwood City,California,Germany
2015,Lamborghini,Huracan,8,10,9,9,8,44,6,4,8,2,7,27,71,12:25,https://www.youtube.com/watch?v=D65RF_9CX-E,Alpharetta,Georgia,Italy
2005,Porsche,Carrera GT,9,9,10,10,10,48,3,3,9,1,7,23,71,10:40,https://www.youtube.com/watch?v=-ByuqStqUPQ,Beachwood,Ohio,Germany
2020,McLaren,Elva,9,10,10,10,10,49,5,2,7,1,6,21,70,29:32,https://www.youtube.com/watch?v=0LIv2FgQFlE,San Diego,California,UK
2022,Porsche,Cayenne Turbo GT,7,9,6,6,6,34,8,6,8,8,6,36,70,24:29,https://www.youtube.com/watch?v=fcjz-1BIgq4,San Diego,California,Germany
2015,Ferrari,F12 Berlinetta,8,9,9,9,8,43,6,5,7,2,7,27,70,20:00,https://www.youtube.com/watch?v=KSHyG7ltAiA,San Diego,California,Italy
2021,Ferrari,Roma,8,9,8,8,7,40,7,5,8,3,7,30,70,27:30,https://www.youtube.com/watch?v=E_FqSJg5DPc,Orange County,California,Italy
2021,McLaren,765LT,8,10,10,9,9,46,6,3,7,2,6,24,70,13:16,https://www.youtube.com/watch?v=LKH6Wh5TXSU&t=17s,San Diego,California,UK
2019,Aston Martin,Vanquish Shooting Brake,9,8,7,8,9,41,6,5,8,4,6,29,70,27:22,https://www.youtube.com/watch?v=1ZQOHL9Ty4k&t=87s,Newport Beach,California,UK
2021,Audi,RS7,7,9,6,7,6,35,9,7,8,6,5,35,70,20:08,https://www.youtube.com/watch?v=N60ms3j2cjw&t=18s,Los Angeles,California,Germany
2021,Lamborghini ,Centenario,9,10,9,10,10,48,6,3,7,1,5,22,70,30:14,https://www.youtube.com/watch?v=WXRFYiMlMLs,Newport Beach,California,Italy
2020,Porsche,Cayenne Turbo S Coupe,7,8,6,6,6,33,8,7,8,8,6,37,70,26:27,https://www.youtube.com/watch?v=Gf4AMgKM28E,San Diego,California,Germany
2019,Ford,GT,8,10,10,10,10,48,6,2,7,1,6,22,70,35:53,https://www.youtube.com/watch?v=o7aDXuZWeVc&t=305s,Huntington Beach,California,USA
2019,McLaren,720S Spider,8,10,9,10,8,45,6,4,7,2,6,25,70,23:16,https://www.youtube.com/watch?v=W9CvaI8FXgs,San Diego,California,UK
2016,Ferrari,488 Spider,9,9,9,9,8,44,6,4,8,2,6,26,70,15:02,https://www.youtube.com/watch?v=iqxIu1cyRfk&t=1s,Colts Neck,New Jersey,Italy
2019,Lamborghini,Aventador SVJ,8,10,9,10,9,46,6,3,7,2,6,24,70,24:03,https://www.youtube.com/watch?v=vmLOdP1DhX8,Newport Coast,California,Italy
2018,Lamborghini,Huracan Performante,8,10,10,9,8,45,6,3,8,2,6,25,70,26:23,https://www.youtube.com/watch?v=aB-qzVue3xw,Costa Mesa,California,Italy
2022,Maserati ,MC20,9,10,8,8,8,43,6,4,7,2,7,26,69,29:40,https://www.youtube.com/watch?v=Sx2hfymNarI,San Diego,California,Italy
2018,BMW,M5,7,10,6,7,6,36,8,7,7,5,6,33,69,25:24,https://www.youtube.com/watch?v=xGBqwZ9iBOQ,Santa Ana,California,Germany
2020,Audi,RSQ8,7,8,5,6,6,32,8,7,8,8,6,37,69,22:15,https://www.youtube.com/watch?v=Zg_bLK5XChA,Los Angeles,California,Germany
2021,Porsche,911 Turbo S (992),7,10,8,8,7,40,7,5,8,3,6,29,69,25:27,https://www.youtube.com/watch?v=kBeNR58BH-Q,San Diego,California,Germany
2005,Pagani,Zonda S Roadster,9,9,10,10,10,48,4,3,7,1,6,21,69,33:26,https://www.youtube.com/watch?v=nXDbQznrG7o,Newport Beach,California,Italy
2017,Pagani,Huayra Roadster,9,9,10,9,10,47,5,3,7,1,6,22,69,35:53,https://www.youtube.com/watch?v=Td2iuMkH85o,Upland,California,Italy
2012,Pagani,Huayra,9,9,10,9,10,47,5,3,7,1,6,22,69,39:08,https://www.youtube.com/watch?v=WnyPtKQKP3Y,Newport Beach,California,Italy
2008,Koenigsegg,CCX,8,9,10,10,10,47,4,3,7,1,7,22,69,32:22,https://www.youtube.com/watch?v=9E0uPfIujgU,Upland,California,Sweden
2019,Porsche,Cayenne Turbo,7,8,6,6,5,32,8,7,8,8,6,37,69,23:41,https://www.youtube.com/watch?v=2-AYvKres_w,Long Beach,California,Germany
2019,Aston Martin,DBS Superleggera,8,9,7,8,8,40,6,5,8,4,6,29,69,23:46,https://www.youtube.com/watch?v=izle7V1URGQ,Newport Beach,California,UK
2019,Bentley,Continental GT,7,8,6,6,7,34,8,8,9,4,6,35,69,23:51,https://www.youtube.com/watch?v=EoDf3aUI5dw,La Jolla,California,UK
2018,Ferrari,Portofino,8,9,8,8,7,40,6,6,8,3,6,29,69,24:21,https://www.youtube.com/watch?v=qjsc8it2CEo&t=233s,Newport Beach,California,Italy
2017,McLaren,720S,8,10,9,9,8,44,6,4,7,2,6,25,69,25:45,https://www.youtube.com/watch?v=mhTQ22cHrYQ,West Chester,Pennsylvania,UK
2018,BMW,M760i,6,8,6,5,6,31,9,9,8,6,6,38,69,27:47,https://www.youtube.com/watch?v=fg5S3cFwzKI,Devon,Pennsylvania,Germany
2017,Audi,R8 V10 Plus,7,10,8,9,7,41,7,5,8,2,6,28,69,14:29,https://www.youtube.com/watch?v=ytk34Cl_cY8,Bridgewater,New Jersey,Germany
2022,Acura,NSX Type S,8,10,8,8,7,41,6,5,8,2,6,27,68,29:33,https://www.youtube.com/watch?v=OpnkA0bGjTM,San Diego,California,Japan
2021,Ford,Mustang Mach-E GT,6,8,6,6,5,31,8,6,7,9,7,37,68,21:20,https://www.youtube.com/watch?v=tS-Bnl7SKbg&t=527s,San Diego,California,USA
2022,Cadillac,CT5-V Blackwing,6,8,6,8,7,35,8,7,6,5,7,33,68,28:30,https://www.youtube.com/watch?v=G0eYIuTCEuA&t=1s,San Diego,California,USA
2022,Porsche,911 GT3 Touring,7,9,9,9,8,42,6,4,8,2,6,26,68,12:53,https://www.youtube.com/watch?v=pboh2HTlPjg,San Diego,California,Germany
2021,BMW,Alpina XB7,6,8,5,5,5,29,9,8,8,9,5,39,68,24:47,https://www.youtube.com/watch?v=kh3UmoLAVOw&t=1232s,Santa Ana,California,Germany
2022,Porsche,911 GT3,7,9,9,9,8,42,6,4,8,2,6,26,68,29:04,https://www.youtube.com/watch?v=wfu07Eq6pSc,Los Angeles,California,Germany
2021,BMW,M3,6,7,7,8,6,34,8,7,7,5,7,34,68,29:32,https://www.youtube.com/watch?v=hucRrlWhWaU&t=2s,Santa Ana,California,Germany
2021,Dodge,Ram TRX,7,8,4,8,6,33,7,6,6,8,8,35,68,26:44,https://www.youtube.com/watch?v=sZUzdaQg7JM,San Diego,California,USA
2014,Bugatti ,Veyron Vitesse,8,10,8,10,10,46,4,4,7,1,6,22,68,35:30,https://www.youtube.com/watch?v=SINyunKIqfI,Palm Beach,Florida,France
2014,Audi,RS7,7,8,6,7,6,34,7,7,8,6,6,34,68,22:15,https://www.youtube.com/watch?v=lTBP1FdnhBU,King of Prussia,Pennsylvania,Germany
2020,BMW,X5M Competition,7,8,6,7,5,33,8,6,7,8,6,35,68,27:22,https://www.youtube.com/watch?v=FImmFwcXpb4&t=1s,Newport Beach,California,Germany
2021,Bentley,Bentayga V8,5,7,5,6,6,29,8,9,8,8,6,39,68,25:42,https://www.youtube.com/watch?v=zDG0zNQIC_M&t=64s,San Diego,California,UK
2016,McLaren,675LT,7,10,10,9,8,44,6,3,6,2,7,24,68,25:23,https://www.youtube.com/watch?v=YSjaugLaP2E,Newport Beach,California,UK
2020,Tesla,Model Y Performance,5,9,5,6,6,31,9,6,6,9,7,37,68,32:36,https://www.youtube.com/watch?v=xAXDcTH6hPw,San Diego,California,USA
2020,Rolls-Royce,Cullinan Black Badge,6,6,4,5,7,28,10,10,9,6,5,40,68,29:28,https://www.youtube.com/watch?v=BfITC_DcbJE,San Diego,California,UK
2019,Audi,RS5 Sportback,7,8,6,7,5,33,8,7,7,7,6,35,68,23:17,https://www.youtube.com/watch?v=A8Az8mlYYmk,Costa Mesa,California,Germany
2019,Rolls-Royce,Cullinan,6,6,4,5,7,28,9,10,9,7,5,40,68,11:34,https://www.youtube.com/watch?v=PLNq8WBuOXU,La Jolla,California,UK
2017,Ford,GT,8,10,10,10,10,48,5,2,6,1,6,20,68,17:38,https://www.youtube.com/watch?v=7AZLu45nl5A,Tooele,Utah,USA
2018,Porsche,Panamera Turbo Sport Turismo,6,8,6,6,6,32,7,7,9,8,5,36,68,24:28,https://www.youtube.com/watch?v=svYy0rWeyzc,Warrington,Pennsylvania,Germany
2018,Rolls-Royce,Phantom,6,5,5,6,8,30,9,10,9,5,5,38,68,33:31,https://www.youtube.com/watch?v=TBIkJSpqcFs,La Jolla,California,UK
2020,Audi,R8 Decennium,7,10,8,9,7,41,7,5,8,2,5,27,68,21:43,https://www.youtube.com/watch?v=LLMIH9NJ5_o&t=1152s,Costa Mesa,California,Germany
2020,Bentley,Flying Spur W12,7,8,5,5,6,31,8,9,9,5,6,37,68,25:00,https://www.youtube.com/watch?v=S_Bd6zK4V9M,San Diego,California,UK
2022,Porsche,Cayman GT4RS,6,9,9,9,8,41,6,3,8,2,7,26,67,30:20,https://www.youtube.com/watch?v=XiWh01ZTA_0&t=1s,San Diego,California,Germany
2022,Porsche,911 GTS Coupe,7,9,8,8,6,38,7,4,9,3,6,29,67,21:58,https://www.youtube.com/watch?v=ZER-dw8f4gQ,San Diego,California,Germany
2021,Mecedes-AMG,GT Black Series,7,9,9,9,8,42,6,3,7,3,6,25,67,27:52,https://www.youtube.com/watch?v=N_zjDP3D5x0&t=3s,Temecula,California,Germany
2018,Mercedes-Benz,AMG GTR,7,9,8,9,7,40,6,4,7,3,7,27,67,20:06,https://www.youtube.com/watch?v=YqvOHgBhnBU,Newport Beach,California,Germany
2021,Dodge,Durango Hellcat,6,9,5,7,6,33,7,6,6,9,6,34,67,27:38,https://www.youtube.com/watch?v=BfYjpJuFl1s&t=318s,Charlotte,North Carolina,USA
2015,McLaren,650S,7,10,9,9,7,42,6,4,6,2,7,25,67,18:30,https://www.youtube.com/watch?v=zTcDeVYW-Mo,Tysons Corner,Virginia,UK
2021,Porsche,Cayenne GTS,7,7,6,6,5,31,8,7,8,8,5,36,67,14:28,https://www.youtube.com/watch?v=rl6CBgwomfU,San Diego,California,Germany
2019,Mercedes - Benz,AMG G63,7,7,5,6,6,31,7,8,7,9,5,36,67,24:13,https://www.youtube.com/watch?v=gCMQS3UDabo,Upland,California,Germany
2011,Ferrari,599 GTO,8,9,9,9,8,43,5,4,7,2,6,24,67,20:28,https://www.youtube.com/watch?v=aYiZolpcOow,Upland,California,Italy
2020,Porsche,911 991 Speedster,7,8,8,10,7,40,6,4,9,2,6,27,67,23:39,https://www.youtube.com/watch?v=2tT-zKgJEM8&t=3s,San Diego,California,Germany
2019,Tesla,Model 3 Performance,5,9,6,6,5,31,9,7,6,6,8,36,67,34:09,https://www.youtube.com/watch?v=YvsnIL0AIAk&t=18s,,California,USA
2020,McLaren,GT,7,9,8,8,7,39,6,5,7,4,6,28,67,25:46,https://www.youtube.com/watch?v=HvM_pEjGiuQ&t=43s,San Diego,California,UK
2020,Porsche,911 Carrera S,7,9,8,7,6,37,7,5,9,3,6,30,67,29:34,https://www.youtube.com/watch?v=wYLMKAIJRd8&t=151s,San Diego,California,Germany
2006,Bugatti,Veyron,7,10,8,10,10,45,4,4,7,1,6,22,67,34:31,https://www.youtube.com/watch?v=nxPNRiFMbL8,Upland,California,France
2019,Aston Martin,DB11 AMR,8,9,7,7,7,38,6,6,8,4,5,29,67,10:28,https://www.youtube.com/watch?v=NI5j6lIOX2M,Newport Beach,California,UK
2010,Audi,R8 V10,8,8,8,8,7,39,5,5,8,2,8,28,67,10:49,https://www.youtube.com/watch?v=uUbg4F1Eci0,San Francisco,California,Germany
2019,Aston Martin,Vantage,7,9,8,8,7,39,6,6,7,3,6,28,67,23:13,https://www.youtube.com/watch?v=ZjMYFcFXUs4,Newport Beach,California,UK
2017,Ferrari,California T,7,9,8,8,7,39,6,5,8,3,6,28,67,11:56,https://www.youtube.com/watch?v=oy4f0y5tC0k,Colts Neck,New Jersey,Italy
2017,Mercedes-Benz,AMG GT S,7,8,8,8,7,38,6,6,7,3,7,29,67,8:13,https://www.youtube.com/watch?v=Y2j_IQVRiiU,West Chester,Pennsylvania,Germany
2005,Ford,GT,9,8,9,10,9,45,3,4,7,1,7,22,67,8:31,https://www.youtube.com/watch?v=UI1dXwcJec4,Brampton,Ontario,USA
2017,Lamborghini,Aventador SV,8,10,8,9,9,44,6,3,7,2,5,23,67,14:42,https://www.youtube.com/watch?v=zbeBtjntISs,Tysons Corner,Virginia,Italy
2017,Porsche,Panamera Turbo,6,8,6,6,6,32,7,7,9,6,6,35,67,22:55,https://www.youtube.com/watch?v=Wlk5OB9tYs0,Warrington,Pennsylvania,Germany
2017,Bentley,Bentayga,5,8,5,6,6,30,6,9,9,8,5,37,67,9:40,https://www.youtube.com/watch?v=CkavWDFhDw4,Golden Valley,Minnesota,UK
2020,Porsche,911 C2S Manual,7,8,8,8,6,37,7,5,9,3,6,30,67,13:14,https://www.youtube.com/watch?v=UcSyy-xUjvw,San Diego,California,Germany
2021,Mercedes-Maybach,S580,6,7,5,5,6,29,9,9,9,5,5,37,66,28:09,https://www.youtube.com/watch?v=6rTlqIkhng4,San Diego,California,Germany
2021,Mercedes - Benz,S580,6,7,5,5,5,28,9,9,9,5,6,38,66,33:32,https://www.youtube.com/watch?v=usGnLmBYcjw&t=93s,Newport Beach,California,Germany
2014,Ferrari,FF,5,9,7,7,7,35,5,6,7,5,8,31,66,26:01,https://www.youtube.com/watch?v=5U6LazomndQ&t=19s,San Diego,California,Italy
2020,Polestar,1,8,7,6,7,7,35,8,7,7,4,5,31,66,27:35,https://www.youtube.com/watch?v=ibNs12W2hUk,San Diego,California,Sweden
2018,Aston Martin,Lagonda Taraf,10,7,6,6,9,38,5,7,7,5,4,28,66,29:53,https://www.youtube.com/watch?v=XUmjYkODF3Y,Los Angeles,California,UK
2021,Lexus,LC500 Convertible,8,7,6,6,6,33,8,6,10,3,6,33,66,27:58,https://www.youtube.com/watch?v=pTb_cOYQctc,San Diego,California,Japan
2020,Porsche,718 Cayman GT4,6,7,9,10,6,38,6,4,9,2,7,28,66,24:11,https://www.youtube.com/watch?v=N4fHEYKVyuE,San Diego,California,Germany
2020,Range Rover,Velar SV Autobiography,7,7,6,6,6,32,8,6,6,8,6,34,66,23:56,https://www.youtube.com/watch?v=-lU5E29cCiM,San Diego,California,UK
2020,BMW,M8 Competition,7,9,7,6,6,35,8,7,7,4,5,31,66,23:17,https://www.youtube.com/watch?v=fFfXIAcqhLE,Santa Ana,California,Germany
2020,BMW,X3M Competition,6,8,6,7,5,32,7,6,7,8,6,34,66,11:27,https://www.youtube.com/watch?v=j-phAYcnNpE&t=95s,Santa Ana,California,Germany
2019,McLaren,600LT,7,10,10,10,7,44,6,2,6,2,6,22,66,22:42,https://www.youtube.com/watch?v=KfdrS_HbB6c,San Diego,California,UK
2019,Cadillac,CTS-V,7,8,6,7,6,34,7,7,7,5,6,32,66,21:33,https://www.youtube.com/watch?v=MuqMjucmMqk,Tustin,California,USA
2018,Jaguar,I-Pace,6,7,5,6,5,29,8,7,6,9,7,37,66,26:49,https://www.youtube.com/watch?v=mA0PpOxnU7w,Carlsbad,California,UK
2019,BMW,M850i,7,8,7,6,6,34,8,7,7,4,6,32,66,22:14,https://www.youtube.com/watch?v=NDeTFbI_fkM,Santa Ana,California,Germany
2018,Rolls-Royce,Dawn,6,7,5,6,7,31,8,10,9,4,4,35,66,8:19,https://www.youtube.com/watch?v=fiwPDC5Luyg,La Jolla,California,UK
2020,Alfa Romeo,Stelvio Quadrifoglio,7,8,6,7,6,34,6,6,6,8,6,32,66,13:21,https://www.youtube.com/watch?v=3u1r-1dL5OM&t=720s,San Diego,California,Italy
2018,Alfa Romeo,Stelvio Quadrifoglio,7,8,6,7,6,34,6,6,6,8,6,32,66,22:23,https://www.youtube.com/watch?v=zwaAfpo9cvs,Bethesda,Maryland,Italy
2017,Acura,NSX,8,9,8,8,7,40,6,4,8,2,6,26,66,15:48,https://www.youtube.com/watch?v=Qi6UF2KfNac,Montclair,New Jersey,Japan
2017,Aston Martin,DB11,8,8,7,7,7,37,6,6,8,4,5,29,66,12:17,https://www.youtube.com/watch?v=zN8DGSswGDo&t=3s,Summit,New Jersey,UK
2014,Audi,R8,8,7,8,8,7,38,5,5,8,2,8,28,66,16:31,https://www.youtube.com/watch?v=xZAV8Fy98Is,Birmingham,Michigan,Germany
2018,Jeep,Grand Cherokee Trackhawk,6,9,5,7,6,33,7,6,6,8,6,33,66,25:42,https://www.youtube.com/watch?v=ek_aZC4KIQM,Annapolis,Maryland,USA
2018,Lexus,LC 500,8,7,6,6,6,33,8,6,10,3,6,33,66,20:00,https://www.youtube.com/watch?v=giIP0XdT7SA&t=5s,East Haven,Connecticut,Japan
2020,Audi,SQ7,6,7,5,5,5,28,9,7,7,9,6,38,66,13:23,https://www.youtube.com/watch?v=KFMkE6wK2iA,Santa Ana,California,Germany
2022,Ford,F-150 Lightning,5,7,3,6,6,27,8,7,7,9,7,38,65,29:18,https://www.youtube.com/watch?v=Bq5EwFRab6Q,San Antonio,Texas,USA
2022,Audi,S8,6,8,6,5,5,30,8,8,8,5,6,35,65,21:23,https://www.youtube.com/watch?v=tHzSK-wEkQQ&t=451s,San Diego,California,Germany
2020,Audi,S8,6,8,6,5,5,30,8,8,8,5,6,35,65,23:40,https://www.youtube.com/watch?v=4JW7a9PgTpU,Santa Ana,California,Germany
2022,Hyundai,Ioniq 5 Limited,7,5,5,5,6,28,8,7,7,9,6,37,65,23:21,https://www.youtube.com/watch?v=BReRIxqO_Lg,San Diego,California,South Korea
2022,BMW,i4 M50,6,8,6,6,5,31,8,7,7,6,6,34,65,24:54,https://www.youtube.com/watch?v=qmqm5FrRN8A,San Diego,California,Germany
2022,BMW,iX xDrive50,4,7,5,6,6,28,9,8,7,7,6,37,65,31:02,https://www.youtube.com/watch?v=OuWmTXphMCo&t=1s,San Diego,California,Germany
2022,Cadillac,CT4-V Blackwing,6,8,6,7,6,33,8,7,6,5,6,32,65,15:52,https://www.youtube.com/watch?v=rfRAWBpH9W0,San Diego,California,USA
2017,Ford,F-150 Raptor,7,5,4,7,6,29,7,7,7,8,7,36,65,13:24,https://www.youtube.com/watch?v=vUUPPzPxVEM,Philadelphia,Pennsylvania,USA
2021,BMW,M4 Competition,6,8,7,7,6,34,8,6,7,4,6,31,65,14:36,https://www.youtube.com/watch?v=2jsYzCtdR2E,Santa Ana,California,Germany
2021,Mercedes - Maybach,GLS600,6,6,4,4,6,26,9,9,9,7,5,39,65,29:54,https://www.youtube.com/watch?v=xTm6b6mQTIQ,San Diego,California,Germany
2015,Mercedes - Benz,CLS63 Shooting Brake,7,7,6,6,7,33,6,6,7,7,6,32,65,22:26,https://www.youtube.com/watch?v=srtWMLmA5bs&t=385s,Los Angeles,California,Germany
2020,McLaren,620R,7,10,10,10,7,44,6,2,6,2,5,21,65,12:32,https://www.youtube.com/watch?v=tCmLphLR2vg,San Diego,California,UK
2021,Ford,Mustang Mach-E Premium,6,6,5,6,5,28,8,7,7,9,6,37,65,9:09,https://www.youtube.com/watch?v=c4n5iPqxpaw&t=2s,Los Angeles,California,USA
2021,Aston Martin,Vantage Roadster,8,8,8,8,7,39,6,6,7,2,5,26,65,22:23,https://www.youtube.com/watch?v=3GxemG-fkc4,San Diego,California,UK
2017,Mercedes-Maybach,S650 Cabriolet,7,7,5,5,6,30,8,9,8,4,6,35,65,28:41,https://www.youtube.com/watch?v=ezpvGqjur_o,Temecula,California,Germany
2019,Jaguar,XE SV Project 8,6,9,7,8,6,36,6,6,7,5,5,29,65,25:56,https://www.youtube.com/watch?v=j04LfXCgBfo&t=209s,San Diego,California,UK
2019,Maserati ,Levante Trofeo,6,8,6,6,5,31,8,6,6,8,6,34,65,10:05,https://www.youtube.com/watch?v=QP9-9A5_GqU&t=153s,Ontario,California,Italy
2019,BMW,M2 Competition,6,8,8,8,6,36,6,5,7,4,7,29,65,10:44,https://www.youtube.com/watch?v=PDEt6z0pQg0,Los Angeles,California,Germany
2017,Nissan,GT-R Nismo,6,10,9,8,7,40,6,3,7,4,5,25,65,20:26,https://www.youtube.com/watch?v=QWU9YsxXPqw,Upland,California,Japan
1988,Porsche,959,6,8,7,8,10,39,4,5,6,4,7,26,65,35:21,https://www.youtube.com/watch?v=GxBzTVoFHXQ,Newport Beach,California,Germany
2013,Mercedes-Benz,SLS AMG Black Series,8,8,9,9,8,42,5,4,7,2,5,23,65,20:43,https://www.youtube.com/watch?v=DB0bkI5arCk,Upland,California,Germany
2012,Mercedes-Benz,SLS AMG,8,8,9,9,7,41,5,4,7,2,6,24,65,10:36,https://www.youtube.com/watch?v=6B0uUg0GKTg,Tysons Corner,Virginia,Germany
2016,Porsche,911R,7,8,9,9,8,41,6,4,9,2,3,24,65,15:37,https://www.youtube.com/watch?v=FCbsubFEUxQ,Birmingham,Michigan,Germany
2008,Mercedes-Benz,CLK63 AMG Black Series,9,7,8,9,7,40,4,4,6,3,8,25,65,22:01,https://www.youtube.com/watch?v=lGD551Gwqj8,West Chester,Pennsylvania,Germany
2019,Chevrolet,Corvette ZR1,6,10,8,8,7,39,6,3,6,3,8,26,65,25:20,https://www.youtube.com/watch?v=FHu8iWUaXDE,Annapolis,Maryland,USA
2017,Ford,Shelby GT350R,7,8,9,9,6,39,5,5,5,4,7,26,65,10:20,https://www.youtube.com/watch?v=j9z86NZafL0,Gaithersburg,Maryland,USA
2018,Aston Martin,Vanquish S Volante,9,8,7,7,7,38,6,6,7,3,5,27,65,20:24,https://www.youtube.com/watch?v=1YH9G_hrKbQ,Tysons Corner,Virginia,UK
2018,Dodge,Challenger SRT Demon,6,10,5,7,8,36,5,7,6,4,7,29,65,28:49,https://www.youtube.com/watch?v=zCp-kE9sqxw,Irvine,California,USA
2012,Mercedes-Benz,E63 AMG Wagon,6,7,6,6,6,31,6,6,7,8,7,34,65,22:02,https://www.youtube.com/watch?v=eAW8taenIPQ,Philadelphia,Pennsylvania,Germany
2015,Rolls-Royce,Wraith,6,7,5,5,7,30,8,10,9,4,4,35,65,18:27,https://www.youtube.com/watch?v=0z3iVyjr6Ek,Lansdale,Pennsylvania,UK
2022,Mercedes-Benz,EQS 450+,6,4,5,4,6,25,9,9,8,6,7,39,64,38:54,https://www.youtube.com/watch?v=8MwPl7fjVVo&t=3s,San Diego,California,Germany
2021,Ford,F-150 Raptor,6,5,4,7,6,28,8,7,7,8,6,36,64,30:49,https://www.youtube.com/watch?v=DZ0TLmaa_6I,San Diego,California,USA
2013,Mercedes - Benz,SLS Roadster,7,8,8,9,7,39,5,4,7,2,7,25,64,22:06,https://www.youtube.com/watch?v=qG3B-c7MlYc,Carlsbad,California,Germany
2015,McLaren,P1 GTR,8,10,10,10,10,48,2,1,6,1,6,16,64,8:50,https://www.youtube.com/watch?v=ZgUvD5m0q2Y&t=1763s,Newport Beach,California,UK
2016,Tesla,Model X,5,6,5,5,6,27,9,7,4,10,7,37,64,11:55,https://www.youtube.com/watch?v=lItIyxGZUZQ&t=8s,Philadelphia,Pennsylvania,USA
2018,Chevrolet,Camaro ZL1 1LE,7,8,8,7,6,36,6,5,6,4,7,28,64,10:57,https://www.youtube.com/watch?v=EDosKpreT5g,Upland,California,USA
2020,Dodge,Charger Hellcat Widebody,7,8,5,7,7,34,6,7,6,5,6,30,64,24:48,https://www.youtube.com/watch?v=pgguJ-XYkXY,San Diego,California,USA
2020,Ford,Shelby GT500,7,9,8,8,6,38,6,5,5,3,7,26,64,28:13,https://www.youtube.com/watch?v=WjTpkAXXM7c,Las Vegas,Nevada,USA
2020,BMW,750i,6,8,5,5,5,29,8,8,8,5,6,35,64,23:46,https://www.youtube.com/watch?v=XU4-7e1iiYc&t=5s,Santa Ana,California,Germany
2007,Ferrari,F430 Spider,8,8,8,8,7,39,4,4,7,2,8,25,64,12:31,https://www.youtube.com/watch?v=qJKOhmc-EMg,Upland,California,Italy
2018,BMW,M3 CS,6,8,7,7,6,34,6,6,7,5,6,30,64,9:10,https://www.youtube.com/watch?v=ae5SgV8Mt_c,Santa Ana,California,Germany
2003,Aston Martin,Vanquish,10,7,6,8,7,38,4,5,6,3,8,26,64,23:14,https://www.youtube.com/watch?v=gqaLzGcz354,Summit,New Jersey,UK
2007,Porsche,911 Turbo,7,8,7,8,6,36,4,6,8,3,7,28,64,12:48,https://www.youtube.com/watch?v=9s3y2msBAdg,Tysons Corner,Virginia,Germany
2011,BMW,1 Series M,6,6,8,9,7,36,5,6,6,4,7,28,64,11:02,https://www.youtube.com/watch?v=ccz8drePBuA,Montvale,New Jersey,Germany
2017,Bentley,Mulsanne Speed,6,5,5,5,7,28,7,10,9,5,5,36,64,15:08,https://www.youtube.com/watch?v=xsMViWFPv_U,Tysons Corner,Virginia,UK
2012,Lexus,LFA,6,8,8,8,9,39,5,5,9,2,4,25,64,19:13,https://www.youtube.com/watch?v=PopzpO-Iu94,Bridgewater,New Jersey,Japan
2017,Ferrari,GTC4Lusso,5,9,7,7,7,35,6,6,8,5,4,29,64,18:24,https://www.youtube.com/watch?v=M537NTCaems,Philadelphia,Pennsylvania,Italy
2017,Bentley,Continental SuperSports,6,9,7,6,6,34,5,8,8,4,5,30,64,18:18,https://www.youtube.com/watch?v=rvDrQFGhJA0,Tysons Corner,Virginia,UK
2018,Audi,RS3,7,8,6,7,5,33,6,6,7,5,7,31,64,24:30,https://www.youtube.com/watch?v=ZBiYn0l47XQ,Baltimore,Maryland,Germany
2018,Lexus,LS 500h,6,5,5,4,5,25,9,9,10,5,6,39,64,28:19,https://www.youtube.com/watch?v=fuNNIBK_mN0,Lynwood,Washington,Japan
2017,Mercedes-Benz,Maybach S600,6,6,5,5,5,27,8,10,8,5,6,37,64,27:26,https://www.youtube.com/watch?v=yq9IvgfLFgk,Melbourne,Australia,Germany
2017,BMW,M2,6,7,7,8,6,34,6,6,7,4,7,30,64,7:09,https://www.youtube.com/watch?v=nA2PD6NQavw,Cherry Hill,New Jersey,Germany
2020,Land Rover,Defender P400,6,5,4,6,6,27,8,7,6,9,7,37,64,36:22,https://www.youtube.com/watch?v=eGrDmnP8jPg,Carlsbad,California,UK
2019,Mercedes-Benz,G550,7,4,4,5,6,26,8,8,7,9,6,38,64,27:39,https://www.youtube.com/watch?v=blY69sLgK6o,Newport Beach,California,Germany
2020,Chevrolet ,Corvette C8,6,10,8,8,6,38,7,4,6,2,7,26,64,37:47,https://www.youtube.com/watch?v=yZT3hyhao-o,Las Vegas,Nevada,USA
2022,Kia,EV6 GT-Line,6,5,5,5,5,26,8,7,7,9,6,37,63,26:32,https://www.youtube.com/watch?v=VU_vGXAewoE,San Diego,California,South Korea
2021,Mercedes - Benz,E450 AT Wagon,6,6,5,4,4,25,9,8,8,8,5,38,63,26:35,https://www.youtube.com/watch?v=9vk9vGO9g2A&t=21s,San Diego,California,Germany
2020,Volvo,V60 Polestar,7,7,5,4,5,28,8,7,7,8,5,35,63,12:55,https://www.youtube.com/watch?v=3V3MJ96GMa4,San Diego,California,Sweden
2021,Jaguar,F-Type R,7,9,7,7,6,36,6,6,7,2,6,27,63,22:58,https://www.youtube.com/watch?v=ZubmEjpXQoI,San Diego,California,UK
2003,Porsche,996 GT2,7,8,8,9,7,39,3,4,7,3,7,24,63,13:47,https://www.youtube.com/watch?v=mhF0EELKynY&t=3s,Upland,California,Germany
2006,Lamborghini,Murcielago Roadster,8,8,7,9,9,41,4,3,6,2,7,22,63,23:08,https://www.youtube.com/watch?v=ZoEHGjT7gc4&t=136s,Boerne,Texas,Italy
2018,Range Rover,Velar R-Dynamic,7,4,6,6,5,28,8,7,6,8,6,35,63,25:25,https://www.youtube.com/watch?v=S6YYun90S8g,Tysons Corner,Virginia,UK
2019,Mercedes-Benz,CLS450,7,6,6,6,5,30,8,7,7,5,6,33,63,21:32,https://www.youtube.com/watch?v=KiYuRe7a7x8,Newport Beach,California,Germany
2018,Volkswagen,Golf R,6,6,6,6,5,29,6,6,7,8,7,34,63,23:08,https://www.youtube.com/watch?v=meSVfbFEwH8,San Diego,California,Germany
2017,Aston Martin,V12 Vantage S,8,8,7,8,7,38,5,5,7,3,5,25,63,24:45,https://www.youtube.com/watch?v=0DS7ddQQZ6A,Toronto,Ontario,UK
2017,Alfa Romeo,Giulia Quadrifoglio,7,8,6,7,6,34,6,6,6,5,6,29,63,12:00,https://www.youtube.com/watch?v=QaTn3gaCQYk,Bethesda,Maryland,Italy
2008,Lamborghini,Murcielago LP640,8,9,7,9,9,42,4,3,6,2,6,21,63,11:43,https://www.youtube.com/watch?v=JLNZfkSc19E,Alpharetta,Georgia,Italy
2017,Ford,Focus RS,6,7,6,7,6,32,6,5,6,7,7,31,63,6:23,https://www.youtube.com/watch?v=TgyAPbw0_7M,Scarsdale,New York,USA
2009,Ferrari,430 Scuderia,8,9,9,9,8,43,2,2,7,2,7,20,63,17:57,https://www.youtube.com/watch?v=3rpbyf7dBU0,Birmingham,Michigan,Italy
2006,Mercedes-Benz,SLR,7,9,6,8,9,39,4,6,6,3,5,24,63,16:30,https://www.youtube.com/watch?v=hjzfHp3TNL8,Franklin,Tennessee,Germany
2017,Chevrolet,Camaro ZL1,6,9,7,7,6,35,6,5,6,4,7,28,63,18:23,https://www.youtube.com/watch?v=XP6fdBHSdi0&t=1s,Highlands,New Jersey,USA
2023,Nissan,Z,7,8,7,7,6,35,6,5,6,3,7,27,62,33:24,https://www.youtube.com/watch?v=Y5D-4JyG2dA,San Diego,California,Japan
2021,Toyota,Supra 3.0,6,8,7,6,6,33,7,5,7,3,7,29,62,13:47,https://www.youtube.com/watch?v=6ByPWhpelwk,San Diego,California,Japan
2004,Rolls-Royce,Phantom,6,4,4,6,7,27,7,10,8,5,5,35,62,27:47,https://www.youtube.com/watch?v=XP6fdBHSdi0&t=1s,Los Angeles,California,UK
2022,Jeep,Wrangler 392,6,7,4,9,6,32,6,5,6,7,6,30,62,16:25,https://www.youtube.com/watch?v=q8sQP2GTkJU,San Diego,California,USA
2021,Polestar,2,7,6,5,5,5,28,9,7,8,5,5,34,62,25:12,https://www.youtube.com/watch?v=s3FLr4FkjA4&t=3s,San Diego,California,Sweden
2015,BAC,Mono,7,10,10,10,9,46,1,1,7,1,6,16,62,30:10,https://www.youtube.com/watch?v=cFBMKk_tnp0,San Diego,California,UK
2020,Lotus,Evora GT,7,8,8,7,7,37,5,5,7,3,5,25,62,11:05,https://www.youtube.com/watch?v=X4jvKXPyNh8&t=2s,Upland,California,UK
2020,Lincoln,Aviator BL,7,4,4,4,5,24,8,7,8,9,6,38,62,27:10,https://www.youtube.com/watch?v=FDjWBrK6lo0&t=4s,Santa Ana,California,USA
2020,BMW,M340i,6,7,6,5,4,28,8,7,7,5,7,34,62,9:20,https://www.youtube.com/watch?v=M6RTHn-71z0&t=3s,Santa Ana,California,Germany
2013,Rolls-Royce,Phantom Drophead Coupe,6,4,5,6,7,28,7,10,8,4,5,34,62,28:44,https://www.youtube.com/watch?v=SYtWrHMjG20,Upland,California,UK
2019,Audi,Q8,7,4,5,5,5,26,9,7,7,8,5,36,62,24:26,https://www.youtube.com/watch?v=ESEYv86NNvw,Santa Ana,California,Germany
2011,Porsche,911 GT3RS 4.0,7,8,8,9,8,40,3,3,8,2,6,22,62,20:53,https://www.youtube.com/watch?v=l9777M1Wmzo,San Francisco,California,Germany
2019,BMW,i8 Roadster,7,7,7,6,7,34,7,6,7,2,6,28,62,23:12,https://www.youtube.com/watch?v=NwO9wvmr7Fs,Santa Ana,California,Germany
2019,Audi,A8L,6,4,5,4,5,24,9,9,8,5,7,38,62,,,Santa Ana,California,Germany
2019,Lexus,RC-F,6,7,6,6,5,30,7,7,9,4,5,32,62,21:25,https://www.youtube.com/watch?v=pnrov9akHZY,Los Angeles,California,Japan
2009,Mercedes-Benz,SL65 AMG Black Series,8,8,7,8,8,39,4,4,6,3,6,23,62,25:28,https://www.youtube.com/watch?v=9I1rgSxKsaM,Fort Worth,Texas,Germany
1999,Nissan,Skyline GT-R (R34),6,7,7,8,9,37,4,5,6,4,6,25,62,26:40,https://www.youtube.com/watch?v=4VQIjYBbawE,Burbank,California,Japan
2017,Chevrolet,Corvette Z06,6,9,8,7,6,36,6,3,6,3,8,26,62,22:29,https://www.youtube.com/watch?v=2fFMeWn0a8o,Marana,Arizona,USA
2018,Kia,Stinger GT,7,6,6,5,4,28,6,7,6,7,8,34,62,24:03,https://www.youtube.com/watch?v=ZDVbx1ZEs5E,Cerritos,California,South Korea
2022,BMW,M240i,6,8,6,6,5,31,7,6,7,4,6,30,61,24:05,https://www.youtube.com/watch?v=JmIVKOkj1AA,San Diego,California,Germany
2022,Volkswagen,Golf R,6,6,6,7,5,30,6,6,6,7,6,31,61,22:42,https://www.youtube.com/watch?v=C4P6SJ6PCx8&t=1s,San Diego,California,Germany
2022,Jeep,Grand Wagoneer,5,4,4,3,5,21,9,8,8,9,6,40,61,36:24,https://www.youtube.com/watch?v=-ZIbGCrgf1M&t=2s,San Diego,California,USA
2006,Ferrari,612 Scaglietti,5,7,7,7,7,33,4,5,7,4,8,28,61,23:32,https://www.youtube.com/watch?v=3QM38BFOZ7M&t=1s,Los Angeles,California,Italy
2019,BMW,X7,6,4,4,3,4,21,9,8,8,9,6,40,61,27:11,https://www.youtube.com/watch?v=m1fNZSYXNaw,Santa Ana,California,Germany
2021,Genesis,G80 3.5T,7,6,5,4,4,26,8,8,8,5,6,35,61,27:25,https://www.youtube.com/watch?v=UGEcF8_tK9Q&t=1s,San Diego,California,South Korea
2019,BMW,X5,6,5,5,5,4,25,8,7,7,8,6,36,61,9:26,https://www.youtube.com/watch?v=zBGbFjTBBZQ,Santa Ana,California,Germany
2019,Audi,E-Tron,6,4,4,5,5,24,9,7,7,8,6,37,61,24:08,https://www.youtube.com/watch?v=aP7of0p-GGU&t=74s,Santa Ana,California,Germany
2018,Land Rover,Range Rover Supercharged,7,6,4,3,5,25,8,8,6,9,5,36,61,23:10,https://www.youtube.com/watch?v=CGXEv06QOyQ,Fort Worth,Texas,UK
2019,Porsche,Macan S,5,5,6,6,5,27,7,7,7,7,6,34,61,23:24,https://www.youtube.com/watch?v=POaSGHf5ZtQ&t=130s,Long Beach,California,Germany
2011,Ferrari,California,6,8,7,8,6,35,4,5,7,3,7,26,61,13:35,https://www.youtube.com/watch?v=NtDj3W6GAn4&t=2s,Upland,California,Italy
2019,Lotus,Evora 400,7,7,8,7,7,36,5,5,7,3,5,25,61,12:06,https://www.youtube.com/watch?v=oeArHpu1jxc&t=2s,Upland,California,UK
2020,Mercedes-Benz,GLE450,5,5,5,4,4,23,9,7,7,9,6,38,61,23:25,https://www.youtube.com/watch?v=5YvMlIwSYWo&t=111s,Newport Beach,California,Germany
2013,Ford,Raptor,7,4,3,6,6,26,5,6,6,8,10,35,61,24:39,https://www.youtube.com/watch?v=KBcNfIwnJK4,Sacramento,California,USA
2005,Bentley,Continental GT,7,6,6,6,6,31,4,8,7,4,7,30,61,27:15,https://www.youtube.com/watch?v=QhE64beLG0Q,Rancho Santa Fe,California,UK
2018,Ford,Mustang GT,6,8,7,7,5,33,6,5,6,4,7,28,61,23:46,https://www.youtube.com/watch?v=l5zT005oGbA,Philadelphia,Pennsylvania,USA
2001,Lamborghini,Diablo 6.0,9,9,7,8,9,42,3,3,4,2,7,19,61,16:31,https://www.youtube.com/watch?v=t0zOKlVEYSk,Lansdale,Pennsylvania,Italy
2000,BMW,Z8,10,7,6,7,7,37,3,5,7,2,7,24,61,26:35,https://www.youtube.com/watch?v=Fyj1fcJbaWc,Fairfax,Virginia,Germany
2002,BMW,M5,8,6,6,6,6,32,4,6,7,5,7,29,61,15:30,https://www.youtube.com/watch?v=K8h-hZouHZk,Huntingdon Valley,Pennsylvania,Germany
2017,Chevrolet,SS,6,6,6,6,5,29,6,6,6,5,9,32,61,22:26,https://www.youtube.com/watch?v=QfJjH4oZDTA,Fort Lee,New Jersey,USA
2020,Toyota,Supra,6,7,7,6,6,32,7,5,7,3,6,28,60,27:07,https://www.youtube.com/watch?v=4oC8cvUb0kI&t=216s,Summit Point,West Virginia,Japan
2021,BMW,M440i,5,7,6,6,5,29,7,7,7,4,6,31,60,23:12,https://www.youtube.com/watch?v=CcHork6WL1w&t=119s,Santa Ana,California,Germany
2022,Lexus,IS 500,5,7,5,5,5,27,7,7,8,5,6,33,60,23:50,https://www.youtube.com/watch?v=O_wPT592t2c&t=43s,San Diego,California,Japan
2021,Genesis,GV70,6,6,4,4,4,24,8,7,7,7,7,36,60,27:12,https://www.youtube.com/watch?v=78WU0m7SaYU&t=10s,Irvine,California,South Korea
2019,Genesis,G70 3.3T,5,7,6,5,4,27,7,7,7,5,7,33,60,22:45,https://www.youtube.com/watch?v=3-IfCbKou28,San Diego,California,South Korea
1995,Ferrari,F50,7,8,9,10,10,44,2,2,5,1,6,16,60,35:00,https://www.youtube.com/watch?v=DSE6-kr8Uoc,Los Angeles,California,Italy
2002,Porsche,911 Turbo (996),6,8,7,7,6,34,4,5,6,3,8,26,60,23:52,https://www.youtube.com/watch?v=2OFuYRe1NLQ,San Diego,California,Germany
2011,Aston Martin,Rapide,8,6,6,6,6,32,5,6,6,5,6,28,60,23:19,https://www.youtube.com/watch?v=aH3bA0vn6Tg,San Diego,California,UK
2020,McLaren,570S GT4 Race Car,7,9,10,10,8,44,3,2,5,1,5,16,60,23:33,https://www.youtube.com/watch?v=bFKy0DOYchs,Los Angeles,California,UK
2012,Porsche,Panamera V6,4,5,6,5,6,26,6,7,8,5,8,34,60,22:09,https://www.youtube.com/watch?v=EAezax2ugQU,Upland,California,Germany
2020,Lexus,GS-F,6,7,5,6,5,29,7,7,8,5,4,31,60,23:40,https://www.youtube.com/watch?v=vh_Z7zpLjhA,San Diego,California,Japan
2020,Genesis,G90 Ultimate,6,5,5,4,4,24,8,8,8,5,7,36,60,27:27,https://www.youtube.com/watch?v=o8b5EnnbRLw&t=2s,Annapolis,Maryland,South Korea
2020,Mercedes-Benz,GLS450,6,4,4,3,4,21,9,8,7,9,6,39,60,27:34,https://www.youtube.com/watch?v=GOREqfzgN9M&t=219s,Newport Beach,California,Germany
2018,Cadillac,CT6,6,4,5,4,4,23,9,8,8,5,7,37,60,23:47,https://www.youtube.com/watch?v=NJ6jHgZIEPs,Tustin,California,USA
2000,BMW ,M5 (E39),7,6,6,6,7,32,4,6,7,5,6,28,60,23:44,https://www.youtube.com/watch?v=3P-cNnBFbGc,San Diego,California,Germany
2011,Porsche,997 911 Speedster,7,7,7,7,7,35,4,6,8,2,5,25,60,11:29,https://www.youtube.com/watch?v=9rkJaZ5-2o0,Upland,California,Germany
1990,Ferrari,F40,10,8,9,10,10,47,1,1,3,1,7,13,60,26:44,https://www.youtube.com/watch?v=7mZdkfEeJH4,Philadelphia,Pennsylvania,Italy
2022,Chevrolet,Silverado ZR2,5,4,3,6,5,23,8,7,8,8,5,36,59,24:56,https://www.youtube.com/watch?v=JTQy3jGrTzA,Palm Desert,California,USA
2022,Toyota,Tundra TRD Pro,6,3,2,6,6,23,7,7,8,8,6,36,59,26:40,https://www.youtube.com/watch?v=Ly2YGKp4AKc&t=5s,San Diego,California,USA
2021,Cadillac,Escalade Platinum,5,3,3,3,6,20,9,8,7,9,6,39,59,32:54,https://www.youtube.com/watch?v=faSX3-ObA2A,San Diego,California,USA
2018,Lincoln,Navigator L Black Label,6,3,3,3,5,20,8,8,8,9,6,39,59,26:37,https://www.youtube.com/watch?v=mUSv8b-V5I4,Newport Beach,California,USA
2021,Acura,TLX Type S,6,7,5,4,4,26,8,7,7,5,6,33,59,25:56,,San Diego,California,Japan
2014,BMW,M6,6,8,5,6,5,30,6,6,6,4,7,29,59,23:41,https://www.youtube.com/watch?v=3SCy0NqFPfw&t=8s,San Diego,California,Germany
2021,Audi,SQ5,6,6,5,4,4,25,7,7,7,7,6,34,59,20:20,https://www.youtube.com/watch?v=M5mJXUzhnk0,San Diego,California,Germany
2021,Audi,E-Tron Sportback,6,4,4,5,5,24,9,7,7,7,5,35,59,13:02,https://www.youtube.com/watch?v=M5mJXUzhnk0,Costa Mesa,California,Germany
2020,Audi,Q7 3.0T,6,4,4,3,4,21,9,7,7,9,6,38,59,11:55,https://www.youtube.com/watch?v=RWuwKzef-LE,Santa Ana,California,Germany
2015,Mercedes-Benz,G63 AMG 6x6,7,3,3,8,10,31,6,6,7,5,4,28,59,33:06,https://www.youtube.com/watch?v=zrESlrGCALM&t=1610s,Costa Mesa,California,Germany
2017,Tesla,Model 3,5,5,5,4,5,24,9,7,6,6,7,35,59,32:19,https://www.youtube.com/watch?v=te6VqldjTT8,San Jose,California,USA
2017,Honda,Civic Type R,4,6,6,7,6,29,6,6,6,7,5,30,59,16:43,https://www.youtube.com/watch?v=UTURtQvSvHI,Mirabel,Quebec,Japan
2004,Mercedes-Benz,CLK DTM,7,8,8,8,7,38,3,3,7,3,5,21,59,27:23,https://www.youtube.com/watch?v=QxZOFLIrdtk,Irvine,California,Germany
1996,BMW,850CSi,8,4,5,7,7,31,4,7,6,4,7,28,59,25:49,https://www.youtube.com/watch?v=5JXrvulTg5M,Morristown,New Jersey,Germany
2017,Genesis,G90,5,5,5,4,4,23,8,8,8,5,7,36,59,27:28,https://www.youtube.com/watch?v=o8b5EnnbRLw,Annapolis,Maryland,South Korea
2021,Ford,Bronco,6,1,4,8,7,26,6,5,6,8,7,32,58,39:49,https://www.youtube.com/watch?v=wLvJd6V7HTo&t=4s,San Diego,California,USA
2010,Jeep,Grand Cherokee SRT8,5,6,5,7,6,29,4,5,4,8,8,29,58,25:38,https://www.youtube.com/watch?v=iqFOWynWWpI&t=2s,San Diego,California,USA
1993,Bugatti,EB110,7,9,7,8,10,41,2,2,4,1,8,17,58,32:57,,Los Angeles,California,France
2021,Genesis,GV80,7,3,4,3,4,21,7,7,8,8,7,37,58,24:48,https://www.youtube.com/watch?v=myCJXRSkmYM,San Diego,California,South Korea
2019,Lincoln,Continental Coach Door,6,5,4,4,5,24,8,8,8,5,5,34,58,24:08,https://www.youtube.com/watch?v=jkOW5FcRGtY,Santa Ana,California,USA
2018,Audi,Q7 3.0 T,6,4,4,3,4,21,8,7,7,9,6,37,58,14:23,https://www.youtube.com/watch?v=xxE4FV0TqVQ,New Orleans, Louisiana,Germany
2004,Mercedes,E55 AMG,6,7,5,5,6,29,4,6,7,5,7,29,58,23:51,https://www.youtube.com/watch?v=RPQWsXtWY_k,Tustin,California,Germany
2019,Volvo,S60 Polestar,6,7,5,4,4,26,8,7,7,5,5,32,58,24:14,https://www.youtube.com/watch?v=KVQzEKHI2Tw&t=856s,San Diego,California,Sweden
2008,Maserati ,GranTurismo MC,6,6,7,7,6,32,4,6,6,4,6,26,58,21:49,https://www.youtube.com/watch?v=7AHJaYGes5w&t=175s,Boerne,Texas,Italy
2002,Bentley,Arnage T,6,5,4,5,6,26,4,9,7,5,7,32,58,24:30,https://www.youtube.com/watch?v=0fs1qmx0vZk,Los Angeles,California,UK
2019,BMW,330i (G20),6,4,5,5,4,24,8,7,7,5,7,34,58,22:36,https://www.youtube.com/watch?v=-xNNEXLit0A,Santa Ana,California,Germany
2019,Kia,K900,5,4,5,4,4,22,8,8,8,5,7,36,58,22:21,https://www.youtube.com/watch?v=DcriSRdaSDY,San Diego,California,South Korea
2018,Mercedes-Benz,SL450,6,6,6,6,5,29,8,7,7,3,4,29,58,22:49,https://www.youtube.com/watch?v=HPalT13VIzk,Los Angeles,California,Germany
2018,Lincoln,Continental,6,5,4,4,4,23,8,8,8,5,6,35,58,20:24,https://www.youtube.com/watch?v=YB0QQfU1K1M,Santa Ana,California,USA
2003,Porsche,911 Carrera 4S,6,6,7,7,5,31,4,5,5,3,10,27,58,12:46,https://www.youtube.com/watch?v=Rr2dzAZEhk4,Nashville,Tennessee,Germany
1993,Lancia,Delta Integrale Evo 2,7,5,7,7,8,34,3,5,4,6,6,24,58,24:27,https://www.youtube.com/watch?v=QdXziTLSO18&t=157s,Baltimore,Maryland,Italy
2019,Hyundai,Veloster N,6,4,6,6,5,27,6,6,6,6,7,31,58,21:17,https://www.youtube.com/watch?v=ytfoYf5sjsA,Willows,California,South Korea
2022,Lexus,LX 600,5,2,3,4,4,18,8,8,9,9,5,39,57,29:46,https://www.youtube.com/watch?v=HpTISIsS9qA,San Diego,California,Japan
2022,Volkswagen,GTI,6,3,6,6,5,26,6,6,6,7,6,31,57,24:40,https://www.youtube.com/watch?v=1F0ryJApP0A,San Diego,California,Germany
2007,Mercedes-Benz,R63 AMG,4,6,5,4,6,25,5,7,6,9,5,32,57,17:43,https://www.youtube.com/watch?v=adUHK8PybDI,Philadelphia,Pennsylvania,Germany
2013,Toyota,Land Cruiser,6,2,3,5,5,21,6,7,8,9,6,36,57,23:58,https://www.youtube.com/watch?v=6M80VVh-zSI,Nantucket,Massachusetts,Japan
2022,Subaru,WRX,5,4,7,6,5,27,6,6,6,5,7,30,57,28:44,https://www.youtube.com/watch?v=iwIp_lEafEI,Napa,California,Japan
1994,Audi,RS2 Avant,7,6,5,5,7,30,3,5,5,7,7,27,57,34:31,https://www.youtube.com/watch?v=oV0aOGq2t0s&t=75s,San Diego,California,Germany
2020,Jeep,Gladiator Mojave,6,1,3,8,6,24,6,5,6,8,8,33,57,13:10,https://www.youtube.com/watch?v=lgkOSB7Fyis,San Diego,California,USA
2016,Mercedes-Benz,CLA45,6,6,6,6,5,29,5,5,7,5,6,28,57,21:10,https://www.youtube.com/watch?v=tB9xfK1vWUM,Denver,Colorado,Germany
2018,Subaru,WRX STI Type RA,6,4,7,6,6,29,6,6,6,5,5,28,57,24:36,https://www.youtube.com/watch?v=PyBYrW5Uc1E,Los Angeles,California,Japan
1990,Vector,W8,10,7,6,8,10,41,2,3,3,1,7,16,57,38:43,https://www.youtube.com/watch?v=3WEhsS9ybwk,Somerset County,New Jersey,USA
2013,BMW,M3 E92 Competition,6,7,6,7,5,31,5,5,5,4,7,26,57,24:35,https://www.youtube.com/watch?v=fGDNzMLfSBY,Newport Beach,California,Germany
2003,Audi,RS6,7,7,6,6,6,32,4,6,4,5,6,25,57,23:49,https://www.youtube.com/watch?v=FrdpDEXGB48&t=29s,Philadelphia,Pennsylvania,Germany
2016,Ariel,Atom 3,6,10,10,8,8,42,1,1,6,1,6,15,57,22:10,https://www.youtube.com/watch?v=nhQFW0fyuLU,Upland,California,UK
1994,Jaguar,XJ220,7,8,6,8,10,39,2,3,4,2,7,18,57,37:39,https://www.youtube.com/watch?v=YPrJYNFURKU&t=8s,Long Island,New York,UK
2002,Chevrolet,Corvette Z06 C5,5,8,7,7,6,33,3,3,6,2,10,24,57,24:25,https://www.youtube.com/watch?v=NcCszG4yNIU&t=896s,Los Angeles,California,USA
2018,Toyota,Land Cruiser,5,2,3,5,5,20,7,7,8,9,6,37,57,24:28,https://www.youtube.com/watch?v=FWRORb9bpxY,San Diego,California,Japan
1994,Toyota,Supra Turbo,8,6,6,6,7,33,2,5,7,3,7,24,57,23:52,https://www.youtube.com/watch?v=cwKAS9vQq90,Irvine,California,Japan
2019,Volvo,XC40 T5,7,3,4,3,4,21,8,7,7,7,7,36,57,24:16,https://www.youtube.com/watch?v=Gad0TXRVblk,Escondido,California,Sweden
2012,Mercedes-Benz,C63 AMG Black Series,6,8,7,7,6,34,5,4,5,3,6,23,57,20:29,https://www.youtube.com/watch?v=rDwyhK7jPyM,Cherry Hill,New Jersey,Germany
2005,Spyker,C8 Spyder,7,7,6,7,7,34,3,3,8,2,7,23,57,27:35,https://www.youtube.com/watch?v=NKin_i1pcFA,Carlsbad,California,Netherlands
2017,Maserati,Levante,5,4,6,6,5,26,6,7,6,8,4,31,57,24:00,https://www.youtube.com/watch?v=RdunXzNNfqk,La Jolla,California,Italy
2015,Alfa Romeo,4C Spider,6,7,8,8,6,35,4,3,6,2,6,21,56,25:50,https://www.youtube.com/watch?v=2yaUjzrGLNo&t=3s,Los Angeles,California,Italy
2009,Porsche,Cayenne GTS 6M,6,3,5,6,5,25,5,6,6,8,6,31,56,24:42,https://www.youtube.com/watch?v=zDW6EZuPIjA,San Diego,California,Germany
2022,Hyundai,Elantra N,6,5,6,6,4,27,6,6,6,5,6,29,56,28:49,https://www.youtube.com/watch?v=nn2-7jMkSGs,San Diego,California,South Korea
2022,Toyota,GR86,6,4,8,7,5,30,5,5,6,3,7,26,56,16:44,https://www.youtube.com/watch?v=Bzj4IQhYhAg,San Diego,California,Japan
2022,Toyota,Land Cruiser V6 TT,6,3,3,5,5,22,5,7,8,8,6,34,56,26:53,https://www.youtube.com/watch?v=_2-DYAMhtps&t=6s,Chantilly,Virginia,Japan
2022,Subaru,BRZ Limited,6,4,8,7,5,30,5,5,6,3,7,26,56,22:34,https://www.youtube.com/watch?v=lYV3TwIkqC8,San Diego,California,Japan
2020,Ford,Explorer ST,5,5,4,3,3,20,7,7,7,9,6,36,56,24:36,https://www.youtube.com/watch?v=g7wCnbLFQXw,Vista,California,USA
2021,Jeep,Grand Cherokee L V8,6,2,3,3,4,18,8,7,7,9,7,38,56,26:45,https://www.youtube.com/watch?v=VMoA_FdC8Wc,San Diego,California,USA
2020,Jeep,Gladiator,6,1,3,8,6,24,6,5,6,8,7,32,56,32:10,https://www.youtube.com/watch?v=_nf8GV0AvtI,Sacramento,California,USA
2012,Jaguar,XKR-S,7,7,6,6,6,32,4,5,6,3,6,24,56,21:31,https://www.youtube.com/watch?v=_wARosR-ry8,San Diego,California,UK
2008,Tesla,Roadster,7,8,6,7,7,35,3,3,5,2,8,21,56,29:21,https://www.youtube.com/watch?v=_wARosR-ry8,Los Angeles,California,USA
2008,Audi,S6 V10,6,6,5,5,6,28,5,6,6,5,6,28,56,21:54,https://www.youtube.com/watch?v=qfFSWpwMi70&t=2s,San Diego,California,Germany
2013,Ford,Focus ST,6,3,6,6,5,26,5,5,5,7,8,30,56,22:27,https://www.youtube.com/watch?v=Ycch83Bfa0s&t=1183s,San Diego,California,USA
2006,Maybach,62,4,5,3,4,7,23,7,8,7,5,6,33,56,32:48,https://www.youtube.com/watch?v=8-AtWmJYoGE&t=4s,Los Angeles,California,Germany
1994,Honda,NSX,7,4,8,8,7,34,2,4,7,2,7,22,56,25:13,https://www.youtube.com/watch?v=Efs-maBiEFw,Cypress,California,Japan
2002,Aston Martin,DB7 V12 Volante,7,6,6,6,7,32,3,5,6,3,7,24,56,28:02,https://www.youtube.com/watch?v=71OUMB6qOcE&t=334s,San Diego,California,UK
2020,Cadillac,CT5-V,5,6,5,5,4,25,7,7,6,5,6,31,56,24:45,https://www.youtube.com/watch?v=4dtCiruErIQ,San Diego,California,USA
2021,Mini,Cooper JCW GP,5,6,6,6,6,29,6,5,7,4,5,27,56,25:05,https://www.youtube.com/watch?v=zO7GPur3wMM,Santa Ana,California,UK
2017,Land Rover,Range Rover Limo,6,1,3,4,6,20,8,9,6,8,5,36,56,22:48,https://www.youtube.com/watch?v=Ivcz1U4q830,Costa Mesa,California,UK
1997,Lamborghini,Diablo VT Roadster,9,7,6,8,9,39,2,3,3,2,7,17,56,28:53,https://www.youtube.com/watch?v=dd6n5CN29NQ,Upland,California,Italy
2019,Volkswagen,Arteon,7,4,4,3,4,22,8,7,7,7,5,34,56,22:46,https://www.youtube.com/watch?v=GZyv7PhGqJM&t=14s,Santa Ana,California,Germany
2019,BMW,Z4 sDrive30i,7,5,6,6,5,29,7,5,7,2,6,27,56,21:21,https://www.youtube.com/watch?v=PDoXjhEIglw&t=16s,Santa Ana,California,Germany
2002,Acura,NSX,7,6,8,8,7,36,2,3,7,2,6,20,56,10:32,https://www.youtube.com/watch?v=z7MpJcIuGVk,Philadelphia,Pennsylvania,Japan
1998,Ferrari,F355,10,6,7,8,8,39,2,4,3,2,6,17,56,12:38,https://www.youtube.com/watch?v=Fs7uOea9d1A,Peapack,New Jersey,Italy
2018,Jeep,Wrangler Unlimited,6,2,4,8,5,25,5,5,6,8,7,31,56,29:41,https://www.youtube.com/watch?v=eLj9D4vo56Q,Marana,Arizona,USA
2006,Jaguar,XJ Super V8,6,5,4,5,5,25,5,8,6,5,6,30,55,24:43,https://www.youtube.com/watch?v=9G3lTz0G1co&t=1222s,Corona,California,UK
2008,Honda,S2000 CR,7,4,8,8,6,33,3,4,7,2,6,22,55,26:28,https://www.youtube.com/watch?v=Lv7vMSxlKUw&t=1s,San Diego,California,Japan
2004,Honda,S2000,7,4,8,8,5,32,3,4,7,2,7,23,55,15:19,https://www.youtube.com/watch?v=B4iz-VVap1w,Shakopee,Minnesota,Japan
2021,Ford ,Bronco Sport,6,3,3,4,6,22,7,6,6,7,7,33,55,27:22,https://www.youtube.com/watch?v=VRYTEFT8UYY&t=71s,San Diego,California,USA
2021,Lexus,IS350 F-Sport,5,4,5,4,4,22,7,7,8,5,6,33,55,13:06,https://www.youtube.com/watch?v=QPmh810F8TU,San Diego,California,Japan
2014,Mitsubishi,Evolution X,6,6,6,6,5,29,4,5,5,5,7,26,55,23:43,https://www.youtube.com/watch?v=f95Qv3aqNM4,Los Angeles,California,Japan
2004,Maserati,Coupe (6-Speed),7,5,6,6,6,30,3,6,5,4,7,25,55,21:48,https://www.youtube.com/watch?v=pJddtAyz4As,San Diego,California,Italy
2018,Infiniti,Q50 Red Sport 400,5,7,5,5,3,25,6,7,6,5,6,30,55,21:09,https://www.youtube.com/watch?v=ozwqsSecTPw&t=9s,San Diego,California,Japan
2017,Nissan,370Z Nismo,6,5,7,6,6,30,5,5,7,3,5,25,55,22:08,https://www.youtube.com/watch?v=WvuqvqJuc6w&t=562s,Jacksonville,Florida,Japan
2010,Lexus,LS 600hL,4,4,3,3,4,18,6,9,9,5,8,37,55,26:40,https://www.youtube.com/watch?v=A3AuT-wxvmg&t=2s,Yucaipa,California,Japan
2018,Mercedes-Benz,AMG GLE63 Coupe,4,7,5,6,3,25,6,6,6,7,5,30,55,19:58,https://www.youtube.com/watch?v=Zj0XQsuAdgw,Irvine,California,Germany
2019,Mazda,MX-5 Miata RF,7,4,8,7,5,31,5,5,6,2,6,24,55,23:30,https://www.youtube.com/watch?v=hJUltR6UYSo,San Diego,California,Japan
2015,Fiat,500 Abarth,7,2,6,8,5,28,4,4,5,4,10,27,55,21:55,https://www.youtube.com/watch?v=q2zRmgjry5w,Newport Beach,California,Italy
1963,Ferrari,250 GT Lusso,10,1,4,6,9,30,1,6,8,3,7,25,55,20:17,https://www.youtube.com/watch?v=xD0b-GwFRro,Dubai,UAE,Italy
2017,Volvo,XC90 Excellence,7,4,4,3,4,22,8,8,8,6,3,33,55,20:47,https://www.youtube.com/watch?v=P6G69CsBI4Y,Bethesda,Maryland,Sweden
1996,BMW ,M3 Coupe (Euro),6,5,6,6,6,29,3,5,6,4,7,25,54,23:53,https://www.youtube.com/watch?v=rkXorce1YT4&t=484s,New Canaan,Connecticut,Germany
2023,Subaru,Solterra Touring,5,2,3,3,4,17,8,6,7,9,7,37,54,24:37,https://www.youtube.com/watch?v=vCOYkYwEXPE&t=413s,San Diego,California,Japan
2004,Ford,Mustang Cobra Convertible,6,6,5,7,6,30,3,5,5,4,7,24,54,24:40,https://www.youtube.com/watch?v=9KEGa40dt1o,Phoenix,Arizona,USA
2019,Lexus ,LX570,3,2,3,4,4,16,7,8,9,9,5,38,54,26:23,https://www.youtube.com/watch?v=-lzYBFqsWQk&t=4s,San Diego,California,Japan
1954,Mercedes-Benz,300SL Gullwing,10,1,5,6,10,32,1,5,7,2,7,22,54,35:18,https://www.youtube.com/watch?v=Rj814rcfsmk&t=158s,Long Beach,California,Germany
2007,Mercedes-Benz,SLK55 AMG,6,7,6,6,5,30,4,5,6,2,7,24,54,22:15,https://www.youtube.com/watch?v=nkxA6yLpvFw&t=1s,San Diego,California,Germany
1998,Subaru,Impreza 22B,6,6,6,6,8,32,2,5,5,4,6,22,54,24:09,https://www.youtube.com/watch?v=cW99h_1tTBY,San Diego,California,Japan
2009,Bentley,Brooklands,6,5,4,5,6,26,4,9,6,4,5,28,54,24:35,https://www.youtube.com/watch?v=DtG2YP3aYMA,San Diego,California,UK
2020,Lincoln,Corsair,6,3,4,2,3,18,8,7,7,7,7,36,54,24:55,https://www.youtube.com/watch?v=_qCUz0lo4wQ,San Diego,California,USA
2017,Jaguar,F-Pace S,6,5,5,3,4,23,6,7,6,7,5,31,54,17:15,https://www.youtube.com/watch?v=knC9nM2uegE,Nashville,Tennessee,UK
2004,Subaru,Impreza WRX STI,6,5,6,6,6,29,3,5,5,5,7,25,54,26:34,https://www.youtube.com/watch?v=IjFAFjzfeok&t=2s,San Diego,California,Japan
2004,BMW,M3 Coupe (E46),7,6,6,6,5,30,3,6,5,4,6,24,54,15:30,https://www.youtube.com/watch?v=K8h-hZouHZk,Huntingdon Valley,Pennsylvania,Germany
2002,Mercedes-Benz,SL500,7,4,5,5,5,26,4,6,8,3,7,28,54,23:36,https://www.youtube.com/watch?v=BBPcADt6IUI&t=11s,San Diego,California,Germany
2012,Hyundai,Equus Ultimate,5,4,3,3,3,18,6,8,7,5,10,36,54,25:51,https://www.youtube.com/watch?v=UPpLCthGP-Q&t=1s,Middleburg,Virginia,South Korea
2020,Land Rover,Range Rover Evoque,7,2,4,2,4,19,8,7,6,7,7,35,54,23:12,https://www.youtube.com/watch?v=o7V5COxB48Q&t=111s,Carlsbad,California,UK
1997,Porsche,911 Carrera RS (993),6,6,7,8,7,34,2,3,7,2,6,20,54,11:18,https://www.youtube.com/watch?v=LrP8Z7xfVaw,Irvine,California,Germany
1994,Porsche,928 GTS,7,5,6,6,6,30,3,6,5,4,6,24,54,16:40,https://www.youtube.com/watch?v=GaoLQ_1zsrM,Birmingham,Michigan,Germany
1999,Mitsubishi,3000GT VR-4,6,6,6,6,6,30,3,5,5,4,7,24,54,27:38,https://www.youtube.com/watch?v=sogakkimTgc,Allentown,Pennsylvania,Japan
2017,Mercedes-Benz,G65 AMG,7,5,2,6,6,26,6,6,5,9,2,28,54,26:21,https://www.youtube.com/watch?v=f3KjIQCKmM4,Burbank,California,Germany
2004,Volkswagen,Phaeton W12,5,4,4,4,6,23,5,8,6,5,7,31,54,27:44,https://www.youtube.com/watch?v=1kIbRwNopWw&t=1s,Allentown,Pennsylvania,Germany
2006,BMW,M5 (E60),6,7,6,6,6,31,4,5,3,5,6,23,54,22:34,https://www.youtube.com/watch?v=bCp_4uVtT-Y,Encinitas,California,Germany
2004,Nissan,350Z Roadster,6,5,6,6,6,29,3,5,7,2,7,24,53,23:26,https://www.youtube.com/watch?v=7FNug8F481w,Los Angeles,California,Japan
2006,Mazda,RX-8 Shinka,6,4,7,6,6,29,3,5,4,5,7,24,53,25:37,https://www.youtube.com/watch?v=raV5eUYNlK8,San Diego,California,Japan
2020,Toyota,Avalon TRD,5,3,4,4,4,20,7,7,8,5,6,33,53,21:47,https://www.youtube.com/watch?v=pTTZswKtJ04,San Diego,California,Japan
2020,Mercedes-Benz,GLC300,5,3,4,2,3,17,8,7,7,7,7,36,53,9:34,https://www.youtube.com/watch?v=cVTPgFaXHQE,Newport Beach,California,Germany
2019,Mercedes-Benz,Modified Sprinter Van,2,1,2,5,5,15,8,9,7,9,5,38,53,23:12,https://www.youtube.com/watch?v=rcO7bMvP8so&t=238s,Upland,California,Germany
2001,BMW,750iL,9,2,5,4,5,25,4,7,6,5,6,28,53,24:55,https://www.youtube.com/watch?v=litO7FrTwDI,San Diego,California,Germany
2018,Toyota,4Runner TRD Pro,6,1,3,6,5,21,4,6,7,9,6,32,53,24:21,https://www.youtube.com/watch?v=Jq5A5ctua8s,West Chester,Pennsylvania,Japan
1985,Ferrari,Testarossa,8,5,7,8,8,36,2,2,4,2,7,17,53,13:12,https://www.youtube.com/watch?v=K1jB4vYji6A,Palos Verdes,California,Italy
1989,Lamborghini,Countach,9,6,6,7,9,37,2,2,3,2,7,16,53,23:22,https://www.youtube.com/watch?v=WVp5a38WT_0,Doral,Florida,Italy
2007,Bentley,Azure,6,3,4,5,7,25,4,9,6,4,5,28,53,15:20,https://www.youtube.com/watch?v=IVr146r2JoE,Tysons Corner,Virginia,UK
2017,Ford,Fiesta ST,6,2,6,6,5,25,4,5,5,6,8,28,53,22:26,https://www.youtube.com/watch?v=yU9obX0J5VM,Los Angeles,California,USA
2020,Mercedes - Benz,CLA 250,6,3,4,3,4,20,8,7,7,5,6,33,53,25:33,https://www.youtube.com/watch?v=Ms8gUQQJSBE&t=116s,Newport Beach,California,Germany
2017,Mercedes-Benz,G550 4x4 Squared,7,4,3,5,7,26,6,6,5,6,4,27,53,14:35,https://www.youtube.com/watch?v=kgcAA4HUxuE,Fairfax,Virginia,Germany
2008,Maybach,57S,4,6,4,4,6,24,5,9,6,5,4,29,53,21:29,https://www.youtube.com/watch?v=LB4iVEht7ow,Doral,Florida,Germany
2022,Lexus,NX350h,5,2,4,2,2,15,8,7,8,7,7,37,52,19:13,https://www.youtube.com/watch?v=8pt04AMy5w4,San Diego,California,Japan
2003,BMW,760Li,4,5,4,4,4,21,6,7,7,5,6,31,52,31:57,https://www.youtube.com/watch?v=89iZasDvOao&t=15s,Madera,California,Germany
2018,Subaru,BRZ tS,6,3,7,6,5,27,5,5,6,3,6,25,52,21:45,https://www.youtube.com/watch?v=KGBXNXdjcLo,San Diego,California,Japan
2021,Mazda,CX-30 Turbo,6,4,4,4,3,21,6,6,6,7,6,31,52,12:56,https://www.youtube.com/watch?v=3BSL8GA5dRg&t=1s,San Diego,California,Japan
1992,Dodge,Viper RT/10,7,6,6,7,7,33,2,2,4,2,9,19,52,28:05,https://www.youtube.com/watch?v=mZ8rhpxVpqs,Los Angeles,California,USA
2007,Pontiac,Solstice GXP,6,5,7,7,5,30,3,4,6,2,7,22,52,22:21,https://www.youtube.com/watch?v=gLwtMDx9MKU,San Diego,California,USA
1991,BMW,M5 (E34),7,3,5,5,6,26,3,5,6,5,7,26,52,26:27,https://www.youtube.com/watch?v=ZB4mJb7d5nc,San Diego,California,Germany
1992,Mercedes-Benz,500E,6,4,4,4,6,24,3,6,8,5,6,28,52,22:26,https://www.youtube.com/watch?v=FZ6GZp7LEWo,San Diego,California,Germany
2019,Mini,Countryman S JCW,6,3,5,3,4,21,6,6,7,7,5,31,52,22:14,https://www.youtube.com/watch?v=Jf8DYK9VJbU&t=14s,Santa Ana,California,UK
2006,Mercedes-Benz,CL65 AMG,5,6,5,5,5,26,4,7,5,4,6,26,52,24:50,https://www.youtube.com/watch?v=PCP5XZs3Wxc,Southampton,Pennsylvania,Germany
1994,Mazda,RX-7,10,6,6,6,6,34,2,3,4,3,6,18,52,16:32,https://www.youtube.com/watch?v=lZgOhP_RMSM,Philadelphia,Pennsylvania,Japan
1997,Dodge,Viper GTS,7,7,6,7,6,33,2,3,4,3,7,19,52,9:39,https://www.youtube.com/watch?v=YJFrHWH0_C8,Philadelphia,Pennsylvania,USA
2017,Fiat,124 Spider Abarth,6,3,7,6,5,27,5,5,6,2,7,25,52,16:25,https://www.youtube.com/watch?v=W-YcpWYAido,Fairfax,Virginia,Italy
2022,Kia,Carnival SX Prestige,5,1,3,1,1,11,8,7,7,10,8,40,51,23:57,https://www.youtube.com/watch?v=Fn_htHFC4cw,San Diego,California,South Korea
2021,Mazda,Mazda3 Turbo Hatchback,4,4,5,4,3,20,6,5,7,6,7,31,51,13:55,https://www.youtube.com/watch?v=SfenlK5PYNc&t=34s,San Diego,California,Japan
2020,Kia,Soul 1.6T,6,3,3,3,3,18,6,5,7,8,7,33,51,22:39,https://www.youtube.com/watch?v=2sXPNVpQe98,San Diego,California,South Korea
2021,Chevrolet,Tahoe High Country,5,3,3,1,3,15,7,7,7,9,6,36,51,27:44,https://www.youtube.com/watch?v=XEIrB3lvh90,Los Angeles,California,USA
1988,BMW,M3 (E30),7,2,6,6,7,28,3,4,6,4,6,23,51,23:45,https://www.youtube.com/watch?v=krjzeWCmB4o,San Diego,California,Germany
1997,Toyota,Century V12,4,1,3,4,6,18,6,8,8,5,6,33,51,26:09,https://www.youtube.com/watch?v=e12MlkCxsW0,Riverside,California,Japan
2018,Polaris ,Slingshot,6,5,7,9,6,33,2,2,6,1,7,18,51,21:29,https://www.youtube.com/watch?v=Vf_O9mZcSs4,Upland,California,USA
2020,Mercedes-Benz,GLB250,5,2,4,2,3,16,6,7,7,8,7,35,51,22:43,https://www.youtube.com/watch?v=q6D4bRXj0jg,Newport Beach,California,Germany
2019,Audi,Q3,6,2,4,2,3,17,7,7,6,7,7,34,51,8:24,https://www.youtube.com/watch?v=-YxFvV-RhH0&t=3s,Newport Beach,California,Germany
2019,Mercedes-Benz,A220,5,2,4,3,4,18,7,7,7,5,7,33,51,24:05,https://www.youtube.com/watch?v=nL5l-_9bIVk,Newport Beach,California,Germany
1990,Toyota,Century,4,1,2,4,6,17,5,8,8,5,8,34,51,28:15,https://www.youtube.com/watch?v=Hl_Euj_qNoM,Tustin,California,Japan
2015,Maserati,Ghibli,6,5,6,4,5,26,5,6,5,5,4,25,51,14:10,https://www.youtube.com/watch?v=nOZnqnB6xDo,Franklin,Tennessee,Italy
1993,Mazda,NA Miata,6,1,8,8,5,28,2,3,6,2,10,23,51,22:06,https://www.youtube.com/watch?v=EuFcpaV_AJ4,Devon,Pennsylvania,Japan
1994,TVR,Chimaera 400 HC,6,6,6,7,7,32,2,3,4,2,7,18,50,26:47,https://www.youtube.com/watch?v=-bDeFEu7pB0&t=401s,Los Angeles,California,UK
2004,Volvo,S60 R,6,4,5,5,5,25,4,5,5,5,6,25,50,25:31,https://www.youtube.com/watch?v=qXgrVbdetOk,Chantilly,Virginia,Sweden
2020,Kia,Telluride EX,6,1,3,1,2,13,7,7,7,9,7,37,50,22:50,https://www.youtube.com/watch?v=YvfUdxq1LQ4,Covina,California,South Korea
2021,Toyota,RAV4 Prime,5,4,3,3,1,16,6,6,7,8,7,34,50,22:56,https://www.youtube.com/watch?v=3rXTHobmQQo,San Diego,California,Japan
2021,Volkswagen,ID.4,5,1,3,2,4,15,8,6,6,8,7,35,50,28:50,https://www.youtube.com/watch?v=0Zzpsn_D9HA&t=757s,San Diego,California,Germany
2018,Porsche,Cayenne Camera Car,3,1,5,4,8,21,7,6,7,2,7,29,50,26:53,https://www.youtube.com/watch?v=rQfBNEFeFi8&t=15s,Los Angeles,California,Germany
2021,Chrysler,Pacifica Pinnacle,5,1,3,1,1,11,8,7,6,10,8,39,50,25:23,https://www.youtube.com/watch?v=bYPktM-SnOM&t=1196s,San Diego,California,USA
2021,Toyota,Sienna Platinum,5,1,3,1,1,11,8,6,7,10,8,39,50,24:55,https://www.youtube.com/watch?v=_gPr7a6iZQ0,San Diego,California,USA
2020,GMC,Sierra Harley Davidson,5,4,2,2,4,17,7,7,6,8,5,33,50,14:27,https://www.youtube.com/watch?v=0XNCNS3XIGM,Carlsbad,California,USA
2019,Cadillac,XT4,6,1,4,2,3,16,7,7,6,7,7,34,50,10:32,https://www.youtube.com/watch?v=MM1788iVsF8,Tustin,California,USA
2004,Dodge,Ram SRT-10,5,6,3,6,6,26,3,5,6,4,6,24,50,24:40,https://www.youtube.com/watch?v=2YKGMtv20cs,Upland,California,USA
2019,GMC,Sierra Denali,5,4,2,1,4,16,7,7,6,8,6,34,50,19:22,https://www.youtube.com/watch?v=PqqcYsv6LB8,Buena Park,California,USA
2015,Kia,K900,4,5,4,4,3,20,6,7,7,5,5,30,50,24:23,https://www.youtube.com/watch?v=Mz87tLToSVY,Fort Worth,Texas,South Korea
2019,Toyota,Tacoma TRD Pro,6,1,3,5,5,20,5,5,7,6,7,30,50,20:46,https://www.youtube.com/watch?v=Mtk9eOjD-gc&t=8s,El Cajon,California,Japan
2016,USSV,Rhino GX,5,1,2,6,7,21,6,5,6,7,4,28,49,28:26,https://www.youtube.com/watch?v=57UmBsE5lGY&t=2s,Costa Mesa,California,USA
2020,Suzuki,Jimny,7,1,3,7,7,25,4,3,6,4,7,24,49,26:53,https://www.youtube.com/watch?v=8RJ3JONrSK4&t=11s,Los Angeles,California,Japan
2021,Toyota ,Mirai,5,1,4,2,4,16,7,7,8,5,6,33,49,25:14,https://www.youtube.com/watch?v=rwu78OwR4fE&t=12s,San Diego,California,Japan
2021,GMC,Yukon Denali Diesel,5,1,3,1,3,13,7,7,7,9,6,36,49,25:21,https://www.youtube.com/watch?v=O9T8XS5Fy7o&t=1327s,San Diego,California,USA
2021,Ford,F-150 King Ranch,5,3,2,1,3,14,7,7,6,8,7,35,49,25:50,https://www.youtube.com/watch?v=sHH0u5v3ZE8&t=13s,San Diego,California,USA
2020,Toyota,Highlander Platinum,5,1,3,1,1,11,8,7,8,9,6,38,49,22:40,https://www.youtube.com/watch?v=qO48IIPi1jk,El Cajon,California,Japan
2020,Hyundai,Palisade Limited,5,1,3,1,1,11,7,7,7,9,8,38,49,25:15,https://www.youtube.com/watch?v=kpfAY3LqmXk&t=131s,San Diego,California,South Korea
2017,Honda,Odyssey Elite,5,1,3,1,1,11,8,6,7,9,8,38,49,25:28,https://www.youtube.com/watch?v=oOZ_Q6qzXuw,Mission Viejo,California,USA
1997,Lexus,LX450 (Land Cruiser),6,1,3,4,5,19,3,4,7,8,8,30,49,26:54,https://www.youtube.com/watch?v=MIeYJrX1a-k,Costa Mesa,California,Japan
2005,Dodge,Neon SRT-4,5,4,5,6,5,25,3,4,5,5,7,24,49,22:45,https://www.youtube.com/watch?v=iTOo1P7-QoI,San Diego,California,USA
2001,Audi,TT Roadster,8,3,6,6,5,28,3,4,6,2,6,21,49,24:47,https://www.youtube.com/watch?v=tslPUN6swvY&t=24s,San Diego,California,Germany
2010,Toyota,FJ Cruiser,5,1,3,7,4,20,4,5,7,6,7,29,49,25:35,https://www.youtube.com/watch?v=xnW8x4e3gIc&t=104s,Huntington Beach,California,Japan
2006,Hummer,H1 Alpha,6,1,2,8,7,24,3,3,7,6,6,25,49,26:45,https://www.youtube.com/watch?v=UqKUExgryXo&t=3s,Upland,California,USA
2018,Peugeot,3008,5,1,4,2,5,17,6,6,5,8,7,32,49,19:34,https://www.youtube.com/watch?v=AOUQN6eIxkA,San Diego,California,France
2019,Dodge,Ram 1500,5,3,2,1,3,14,7,7,6,8,7,35,49,24:36,https://www.youtube.com/watch?v=KjiSK6ztIzk,Ontario,California,USA
1987,Aston Martin,Lagonda,4,1,5,5,10,25,3,6,4,5,6,24,49,33:44,https://www.youtube.com/watch?v=QP07Jq5b88M,Long Island,New York,UK
1992,Ferrari,348ts,6,4,6,7,7,30,2,3,5,2,7,19,49,17:58,https://www.youtube.com/watch?v=1-r5zArIp-U,Doral,Florida,Italy
1973,Lamborghini,Espada,4,1,6,6,8,25,2,6,5,4,7,24,49,21:28,https://www.youtube.com/watch?v=4T8gYlV8Am0,Dubai,UAE,Italy
2022,Honda,Civic Si,5,2,5,5,4,21,5,5,6,5,6,27,48,24:19,https://www.youtube.com/watch?v=24dQ79iIzVw,San Diego,California,Japan
2022,Hyundai,Tucson Hybird,6,1,3,1,2,13,7,6,7,8,7,35,48,14:44,https://www.youtube.com/watch?v=7CdD6R4nVhA,San Diego,California,South Korea
2022,Subaru,Outback Wilderness,4,3,3,2,1,13,6,7,7,8,7,35,48,17:09,https://www.youtube.com/watch?v=g9dbbBoUXIY,San Diego,California,Japan
2022,Nissan,Pathfinder,5,1,3,1,1,11,7,7,7,9,7,37,48,25:23,https://www.youtube.com/watch?v=26_Btfr-RgA&t=3s,Los Angeles,California,Japan
1988,Fiat,Multipla,3,1,4,5,7,20,3,5,5,9,6,28,48,32:27,https://www.youtube.com/watch?v=3OWzfhhEGbo&t=1s,Nashville,Tennessee,Italy
1989,LaForza,LaForza,6,1,3,4,6,20,3,6,6,7,6,28,48,29:40,https://www.youtube.com/watch?v=CqsdTOMF4uE&t=459s,Los Angeles,California,Italy
1993,Porsche,968 Clubsport,6,4,5,6,7,28,2,4,6,3,5,20,48,21:49,https://www.youtube.com/watch?v=5WuQBP7AY9U,San Diego,California,Germany
2012,Fisker,Karma,5,4,4,3,6,22,5,6,5,4,6,26,48,26:52,https://www.youtube.com/watch?v=qfg4ZG1dZW4,Upland,California,USA
2016,Jeep,Wrangler 6x6,6,1,6,6,7,26,4,4,3,6,5,22,48,20:42,https://www.youtube.com/watch?v=f-AFtvDPOoQ,Upland,California,USA
1990,Bentley,Turbo R,5,2,3,4,5,19,3,9,6,5,6,29,48,24:45,https://www.youtube.com/watch?v=n6G8BMkNw_w,El Cajon,California,UK
2020,Subaru,Outback XT,5,3,3,1,1,13,6,7,7,8,7,35,48,23:30,https://www.youtube.com/watch?v=ncj8XZSPgcI&t=2s,Santa Ana,California,Japan
1987,Buick ,Grand National,8,2,4,5,7,26,2,5,4,4,7,22,48,25:19,https://www.youtube.com/watch?v=2ejnulsLLyI&t=159s,Santa Ana,California,USA
2019,Mazda,Mazda3 Sedan,6,2,5,3,3,19,6,5,6,5,7,29,48,22:14,https://www.youtube.com/watch?v=zu4N-1s1rEs,San Diego,California,Japan
1981,Ferrari,512BB Boxer,8,4,6,6,8,32,2,2,4,2,6,16,48,21:37,https://www.youtube.com/watch?v=HvErr0LdX7A,Dubai,UAE,Italy
1971,Maserati,Ghibli SS,8,3,5,6,8,30,2,5,4,2,5,18,48,21:40,https://www.youtube.com/watch?v=rqTpMCq8uhk,Dubai,UAE,Italy
2020,Ford,Escape Hybrid,5,1,3,1,1,11,8,6,6,8,8,36,47,23:39,https://www.youtube.com/watch?v=JvrxxApP8dw,Vista,California,USA
2006,Citren,C6,4,1,3,4,6,18,5,7,6,5,6,29,47,29:55,https://www.youtube.com/watch?v=7numh_g8DyI&t=3s,Nashville,Tennessee,France
2019,Subaru,Ascent,5,1,3,1,1,11,6,7,7,9,7,36,47,20:39,https://www.youtube.com/watch?v=G9YcUf-a8ho,Santa Ana,California,Japan
2021,Ford,Ranger Tremor,6,2,3,4,4,19,6,5,6,6,5,28,47,14:42,https://www.youtube.com/watch?v=KlSTvTuigbA,San Diego,California,USA
2021,Toyota,Venza Limited,5,1,3,1,1,11,8,7,7,8,6,36,47,22:13,https://www.youtube.com/watch?v=SYNeWjj1S6g,San Diego,California,Japan
2022,Chevrolet,Bolt EUV,5,2,3,2,3,15,8,5,5,7,7,32,47,24:28,https://www.youtube.com/watch?v=LjetooD0z4A&t=1124s,San Diego,California,USA
2000,Toyota,4Runner,5,1,3,3,5,17,3,4,7,8,8,30,47,26:22,https://www.youtube.com/watch?v=BpCUw-W41uk&t=31s,San Diego,California,Japan
2021,Kia,Sorento SX X-Line,5,1,3,1,1,11,7,7,7,8,7,36,47,23:41,https://www.youtube.com/watch?v=X3gsLqgxBfs,San Diego,California,South Korea
2021,Kia,K5 EX,6,1,4,1,1,13,8,6,7,6,7,34,47,22:05,https://www.youtube.com/watch?v=CAtle652xK0,San Diego,California,South Korea
2020,Toyota,C-HR,5,1,3,2,3,14,6,6,7,7,7,33,47,22:36,https://www.youtube.com/watch?v=w84thvjOd9Y,San Diego,California,Japan
1996,Chevrolet,Impala SS,7,1,4,4,6,22,2,6,5,5,7,25,47,25:37,https://www.youtube.com/watch?v=HQjPk1tpxoE,San Diego,California,USA
2020,GMC,Sierra 3500 Denali,5,1,2,1,4,13,7,7,6,8,6,34,47,25:23,https://www.youtube.com/watch?v=eyGmuGQNSqE,Carlsbad,California,USA
1999,Bentley,Limo,4,1,2,4,6,17,4,10,6,5,5,30,47,26:07,https://www.youtube.com/watch?v=jaeI8lX6yRA,Los Angeles,California,UK
1999,Mercedes-Benz,G500 Cabriolet,4,1,4,7,7,23,4,6,6,4,4,24,47,31:44,https://www.youtube.com/watch?v=rs0khSZ72Xs&t=1097s,San Diego,California,Germany
2019,Toyota,RAV4,5,1,3,1,1,11,6,6,7,8,9,36,47,19:40,https://www.youtube.com/watch?v=eJKwS1NpHH0,El Cajon,California,Japan
2001,Acura,Integra Type-R,5,2,6,6,6,25,2,4,6,4,6,22,47,22:55,https://www.youtube.com/watch?v=2-BfMHT633o,Paramus,New Jersey,Japan
1990,Mitsubishi,Eclipse GSX,6,2,5,6,6,25,2,5,5,4,6,22,47,25:18,https://www.youtube.com/watch?v=PgqHq6WjD8s,Cleburne,Texas,Japan
2006,Land Rover,Range Rover,6,1,4,3,3,17,4,7,4,9,6,30,47,17:48,https://www.youtube.com/watch?v=PW81WU4v2R8,Philadelphia,Pennsylvania,UK
1996,Rolls-Royce,Silver Spur,4,1,3,4,5,17,3,10,6,5,6,30,47,18:13,https://www.youtube.com/watch?v=cnAUnGjMd5U,Huntingdon Valley,Pennsylvania,UK
2003,Mercury,Marauder,6,1,4,5,5,21,3,6,5,5,6,25,46,22:42,https://www.youtube.com/watch?v=ukMVIY7SAkQ&t=5s,Van Nuys,California,USA
1992,Suzuki,Cappuccino,6,1,7,6,6,26,2,3,6,2,7,20,46,20:40,https://www.youtube.com/watch?v=t2nN9VUy-Tk,Modesto,California,Japan
2022,Ford,Maverick XLT,6,3,3,2,3,17,5,5,6,6,7,29,46,28:37,https://www.youtube.com/watch?v=ocHFC03Wmbw&t=254s,El Cajon,California,USA
2022,Hyundai,Santa Cruz,5,2,3,2,4,16,6,6,7,6,5,30,46,26:32,https://www.youtube.com/watch?v=lzejSBdQ7LY,San Diego,California,South Korea
1990,Mosler,Consulier GTP,4,5,7,7,6,29,2,3,4,2,6,17,46,26:07,https://www.youtube.com/watch?v=1sCnvBuDRJ0&t=285s,San Diego,California,USA
2014,Volkswagen,XL1,6,1,4,6,7,24,4,4,6,3,5,22,46,27:01,https://www.youtube.com/watch?v=ozqSdnkYxJM,Nashville,Tennessee,Germany
2020,Mazda,CX-30,6,1,4,2,2,15,6,6,6,7,6,31,46,22:38,https://www.youtube.com/watch?v=N6JJH-smDnI,San Diego,California,Japan
1986,Citren,CX25 Prestige,4,1,3,4,6,18,4,7,6,5,6,28,46,29:28,https://www.youtube.com/watch?v=bPaz4vRPKuo&t=2s,Gaithersburg,Maryland,France
2017,Chevrolet,Bolt,5,3,3,2,3,16,6,5,5,7,7,30,46,18:53,https://www.youtube.com/watch?v=d2ogGZXmepY,Wharton,New Jersey,USA
2004,Mercedes - Benz,Unimog U500 Crew Cab,6,1,1,6,9,23,3,4,6,3,7,23,46,37:07,https://www.youtube.com/watch?v=s1AJO5NfAEk&t=838s,Hyannis,Massachusetts,Germany
2000,Honda,S2000 2Fast 2Furious,6,1,7,6,8,28,3,4,4,1,6,18,46,25:04,https://www.youtube.com/watch?v=4LAGNeE5pjA,Los Angeles,California,Japan
1994,Mercedes-Benz,S500 (W14),5,1,3,2,4,15,4,7,8,5,7,31,46,30:32,https://www.youtube.com/watch?v=oobtlyWxBvM,San Diego,California,Germany
1987,Mercedes-Benz,190E 2.3-16,5,1,5,5,5,21,2,5,6,5,7,25,46,21:46,https://www.youtube.com/watch?v=Ium6RjDftBA&t=133s,San Diego,California,Germany
1991,Mercedes-Benz,560SEL,5,1,2,3,5,16,3,7,9,5,6,30,46,25:19,https://www.youtube.com/watch?v=TyQXBeYwFUc,Huntingdon Valley,Pennsylvania,Germany
2006,Subaru,Baja Turbo,4,2,5,4,5,20,3,5,6,6,6,26,46,23:17,https://www.youtube.com/watch?v=FO53M8x3Y28&t=3s,San Diego,California,Japan
2019,Dodge,Ram 2500 HD,5,1,2,1,3,12,7,7,6,8,6,34,46,24:27,https://www.youtube.com/watch?v=4I-T58QO43o&t=2s,Ontario,California,USA
2019,Honda,Passport,5,2,3,1,1,12,7,6,7,9,5,34,46,23:17,https://www.youtube.com/watch?v=BUjMjJvKh1c,El Cajon,California,Japan
2015,BMW,i3,6,2,4,4,5,21,5,6,6,6,2,25,46,22:42,https://www.youtube.com/watch?v=yLfRPT5sEEI,Atlanta,Georgia,Germany
1990,BMW,Z1,6,1,5,8,7,27,2,3,6,2,6,19,46,21:17,https://www.youtube.com/watch?v=ssbSc0gaI04,La Jolla,California,Germany
1993,Jeep,Wrangler Renegade,6,1,4,7,5,23,2,3,6,4,8,23,46,23:45,https://www.youtube.com/watch?v=iVy17jx770U,Huntingdon Valley,Pennsylvania,USA
2017,Ford,F-250 Platinum,4,2,2,1,3,12,6,7,7,8,6,34,46,25:37,https://www.youtube.com/watch?v=KF-N1naN1yE,Harrisburg,Pennsylvania,USA
2020,Hyundai,Sonata Limited,4,1,4,1,1,11,9,6,7,6,7,35,46,24:19,https://www.youtube.com/watch?v=RLf1CQg0Zpw,San Diego,California,South Korea
1993,GMC,Typhoon,6,5,3,4,6,24,2,4,4,5,6,21,45,25:26,https://www.youtube.com/watch?v=hlyDC5JZ02E,Thousand Oaks,California,USA
2019,Kia,Niro EV,5,1,3,1,2,12,7,5,6,7,8,33,45,14:17,https://www.youtube.com/watch?v=HnI4BDLOb_8,San Diego,California,South Korea
2022,Nissan,Frontier Pro-4X,6,1,3,4,3,17,5,5,6,6,6,28,45,20:45,https://www.youtube.com/watch?v=h8PxavrpaWc,San Diego,California,Japan
2020,Chevrolet,Blazer,5,3,3,1,1,13,6,6,6,8,6,32,45,14:56,https://www.youtube.com/watch?v=hs7HpGL4E3E,Detroit,Michigan,USA
1985,Lamborghini,Jalpa,6,3,5,7,7,28,2,3,3,2,7,17,45,23:51,https://www.youtube.com/watch?v=XS1tBPzIzAU&t=2s,San Diego,California,Italy
1993,Autozam,AZ-1,5,1,7,6,7,26,2,2,6,2,7,19,45,25:20,https://www.youtube.com/watch?v=tn-Z5FHXcBA,San Diego,California,Japan
1993,Alfa Romeo,RZ,4,2,6,6,8,26,2,4,5,2,6,19,45,28:10,https://www.youtube.com/watch?v=Z0STPzChLTU&t=1s,Los Angeles,California,Italy
2019,Suzuki,Swift Boosterjet,6,1,4,3,3,17,5,5,6,5,7,28,45,21:42,https://www.youtube.com/watch?v=ZmghN0DbYys&t=1s,Calexico,California,Japan
2001,Toyota,MR2 Spyder,5,1,7,6,4,23,3,3,7,2,7,22,45,21:29,https://www.youtube.com/watch?v=lW0v505p60U,Dallas,Texas,Japan
2019,Chevrolet,Colorado ZR2,6,1,3,4,5,19,5,5,5,6,5,26,45,19:28,https://www.youtube.com/watch?v=QzLZX9r8N4E,Seattle,Washington,USA
1991,Lamborghini,LM002,5,1,4,5,9,24,3,4,4,4,6,21,45,16:37,https://www.youtube.com/watch?v=gXKZAVEee74,Pennington,New Jersey,Italy
1991,Honda,Beat,6,1,5,5,6,23,3,3,6,2,7,21,44,22:53,https://www.youtube.com/watch?v=XbbxlCzVxdQ,Modesto,California,Japan
1985,Audi,5000 Tresser,6,1,3,3,6,19,3,7,5,5,5,25,44,18:32,https://www.youtube.com/watch?v=H7Aimjq7lpE&t=9s,San Diego,California,Germany
2021,Honda,Ridgeline HPD,5,1,3,2,3,14,6,6,7,6,5,30,44,21:37,https://www.youtube.com/watch?v=5R88tfI2kVI,San Diego,California,Japan
1997,Toyota,Previa S/C All-Trac,4,1,3,2,4,14,3,5,6,9,7,30,44,23:13,https://www.youtube.com/watch?v=JRocY48P0qA,New York City,New York,Japan
2020,Volkswagen,Jetta SEL Premium,5,1,3,1,2,12,7,6,7,5,7,32,44,20:25,https://www.youtube.com/watch?v=VPDoBbfL7-E,San Diego,California,Germany
2009,Chevrolet,HHR SS Panel,4,3,4,4,5,20,3,5,4,6,6,24,44,23:25,https://www.youtube.com/watch?v=BxFhNIgouMA,San Diego,California,USA
2013,Mini,Clubvan,5,1,5,3,3,17,4,5,6,6,6,27,44,22:16,https://www.youtube.com/watch?v=c7QGXP4nxAs,Santa Ana,California,UK
1992,Subaru,SVX,6,1,5,4,6,22,2,5,4,4,7,22,44,23:48,https://www.youtube.com/watch?v=fqU9IeF58aQ,Cypress,California,Japan
2019,Chevrolet,Silverado Trail Boss,5,2,2,2,3,14,5,6,5,8,6,30,44,8:38,https://www.youtube.com/watch?v=tztX_p3uMw8,Garden Grove,California,USA
2004,Chevrolet,SSR,5,1,4,6,5,21,3,5,5,4,6,23,44,23:25,https://www.youtube.com/watch?v=0-eWzZuXUQg,Springfield,Virginia,USA
1977,Cadillac,Eldorado,5,1,2,5,6,19,2,8,5,4,6,25,44,18:40,https://www.youtube.com/watch?v=HxHfrc60k8M,Golden Valley,Minnesota,USA
2001,Jeep,Cherokee XJ,7,1,3,2,4,17,2,4,6,7,7,26,43,23:59,https://www.youtube.com/watch?v=3STMfI_PS4Q,Denver,Colorado,USA
2019,Ford,Ranger,5,2,3,2,3,15,6,5,5,6,6,28,43,22:43,https://www.youtube.com/watch?v=-mWgU2CxiE4,San Diego,California,USA
1991,BMW,750iL (E32),5,1,3,3,4,16,3,7,6,5,6,27,43,25:24,https://www.youtube.com/watch?v=w4CkJQuF-JY,San Diego,California,Germany
1993,Cadillac,Allante,5,2,4,4,5,20,3,6,6,2,6,23,43,26:09,https://www.youtube.com/watch?v=3B7QqQR7arA,San Diego,California,USA
1991,Honda,Civic Si,4,1,4,4,6,19,2,4,6,6,6,24,43,24:22,https://www.youtube.com/watch?v=MUVnTqLA_b0,San Diego,California,Japan
2021,Hyundai,Venue,5,1,3,1,1,11,6,6,6,7,7,32,43,12:36,https://www.youtube.com/watch?v=9Y1Y-1qOc_I,San Diego,California,South Korea
1989,Cadillac,Brougham d'Elegance,5,1,2,3,5,16,3,7,6,4,7,27,43,24:14,https://www.youtube.com/watch?v=bO4skrCfEPU,San Diego,California,USA
1991,Toyota,Sera,5,1,3,5,7,21,2,4,6,3,7,22,43,18:42,https://www.youtube.com/watch?v=OoihSOhWO3Q&t=154s,Upland,California,Japan
1994,Acura,Legend Coupe,5,1,4,3,4,17,3,6,7,4,6,26,43,21:17,https://www.youtube.com/watch?v=2TOAPqcBezc,Mission Viejo,California,Japan
1999,Plymouth,Prowler,6,4,5,5,6,26,2,4,5,1,5,17,43,12:22,https://www.youtube.com/watch?v=7gYC0w28uxA,Wilkes-Barre,Pennsylvania,USA
1990,Lexus,LS 400,4,1,3,2,4,14,3,7,7,5,7,29,43,24:17,https://www.youtube.com/watch?v=BqDiWhlwrZ4,Lynwood,Washington,Japan
2005,Maserati,Quattroporte,4,5,6,2,5,22,4,5,3,5,4,21,43,18:20,https://www.youtube.com/watch?v=3QAHK1Uy9ao,Golden Valley,Minnesota,Italy
1986,Nissan ,Maxima,5,1,3,2,6,17,3,6,6,5,6,26,43,28:22,https://www.youtube.com/watch?v=rcKjCzd4Pyw&t=2s,San Diego,California,Japan
2000,Ford,Excursion V10,4,1,2,1,4,12,3,5,6,9,7,30,42,24:16,https://www.youtube.com/watch?v=qz0PHsHrPn0,Orange,California,USA
2004,Ford,Thunderbird,6,3,4,4,3,20,3,6,5,3,5,22,42,20:26,https://www.youtube.com/watch?v=luD_Lp4vjAg&t=1s,Philadelphia,Pennsylvania,USA
1998,Lincoln,Navigator,4,1,2,1,3,11,3,7,6,8,7,31,42,23:15,https://www.youtube.com/watch?v=Vdv3RFSDA68&t=3s,Los Angeles,California,USA
2005,Lincoln,Town Car,4,1,3,1,3,12,3,8,7,5,7,30,42,24:16,https://www.youtube.com/watch?v=-vNUXUA526s&t=4s,Los Angeles,California,USA
1987,Pontiac,Fiero GT,5,1,5,6,5,22,2,5,5,2,6,20,42,22:58,https://www.youtube.com/watch?v=J0crFUxksXg&t=20s,San Diego,California,USA
2002,Hyundai,Equus,4,1,3,2,4,14,3,7,6,5,7,28,42,23:14,https://www.youtube.com/watch?v=FtmNXC8iqR4,Dubai,UAE,South Korea
1990,Mitsubishi,Sigma,4,1,3,2,5,15,3,6,6,5,6,26,41,19:27,https://www.youtube.com/watch?v=HkBJr3y8KvU&t=14s,San Diego,California,Japan
1996,Chevrolet,Suburban,6,1,2,1,4,14,2,5,4,9,7,27,41,26:38,https://www.youtube.com/watch?v=4fTA8SYA5rI,Yorba Linda,California,USA
1989,Buick ,Reatta,4,1,4,4,4,17,4,6,6,2,6,24,41,26:47,https://www.youtube.com/watch?v=pq2PSLdc8rA,San Diego,California,USA
2008,Chevrolet,Tahoe Hybrid,5,1,2,1,2,11,3,6,6,9,6,30,41,22:43,https://www.youtube.com/watch?v=Elt-BDrPSMM&t=3s,Scottsdale,Arizona,USA
2011,Saab,9-5,6,1,4,2,4,17,4,5,5,5,5,24,41,20:39,https://www.youtube.com/watch?v=sj2DtHCCa0c,San Diego,California,Sweden
1988,Jaguar,XJS V12,6,1,4,4,5,20,2,6,3,4,6,21,41,24:51,https://www.youtube.com/watch?v=YqVvFOPjWxg,San Diego,California,UK
2018,Nissan,Titan XD Platinum Reserve,4,1,2,1,3,11,6,6,6,8,4,30,41,22:53,https://www.youtube.com/watch?v=8uIKBDIygWg,Fort Worth,Texas,Japan
2022,Honda,Civic EX Sedan,5,1,3,1,1,11,6,5,6,5,7,29,40,19:45,https://www.youtube.com/watch?v=LZfxJbd0_E4,Carlsbad,California,Japan
1987,Dodge,Camper Van,3,1,2,1,4,11,4,5,5,9,6,29,40,25:49,https://www.youtube.com/watch?v=Hc5Jd7OsXX8,San Diego,California,USA
2002,Lincoln,Blackwood,4,1,2,2,5,14,3,6,6,5,6,26,40,34:45,https://www.youtube.com/watch?v=07B1PgXvG9A&t=2s,San Diego,California,USA
2007,Chrysler,PT Cruiser GT,3,3,3,4,2,15,3,5,4,7,6,25,40,24:17,https://www.youtube.com/watch?v=_RCiHO-GA2E&t=139s,San Diego,California,USA
1985,Oldsmobile,Custom Cruiser,4,1,2,2,5,14,2,5,5,7,7,26,40,24:42,https://www.youtube.com/watch?v=Mi21sR8hfr8&t=2s,San Diego,California,USA
2017,Land Rover,Evoque Convertible,3,1,4,3,4,15,6,7,6,3,3,25,40,17:17,https://www.youtube.com/watch?v=Z9WZZaM_MKg,Doral,Florida,UK
2004,Pontiac,Aztek,2,1,3,1,4,11,3,5,4,10,7,29,40,15:44,https://www.youtube.com/watch?v=33AP0JnXSOA,Harrisburg,Pennsylvania,USA
1991,Subaru,Sambar Van,4,1,2,3,4,14,3,4,6,6,6,25,39,18:11,https://www.youtube.com/watch?v=yyTJTUNgsVU&t=548s,Martinez,California,Japan
2003,Smart,Crossblade,6,1,3,6,6,22,2,3,5,1,6,17,39,26:39,https://www.youtube.com/watch?v=JnL19B4OobE,Los Angeles,California,Germany
2016,Ford,F-650,5,1,2,4,6,18,3,4,7,3,4,21,39,22:37,https://www.youtube.com/watch?v=JrHDeSMvnt4,Upland,California,USA
1996,Oldsmobile,Silhouette,3,1,2,1,4,11,4,5,4,9,6,28,39,24:55,https://www.youtube.com/watch?v=_UQ3ym2HXZA,San Diego,California,USA
2020,Toyota,Corolla Hybrid,4,1,3,1,1,10,6,5,6,5,7,29,39,10:37,https://www.youtube.com/watch?v=EZCH1JsTNMI&t=1s,San Diego,California,Japan
1973,Rolls-Royce,Silver Shadow,4,1,2,4,5,16,2,7,4,4,6,23,39,24:36,https://www.youtube.com/watch?v=4vsMe5jDpNc,King of Prussia,Pennsylvania,UK
1972,Lamborghini,Jarama GT,3,2,5,5,7,22,2,3,4,2,6,17,39,20:42,https://www.youtube.com/watch?v=gH65wZfN62k,Dubai,UAE,Italy
2015,Cadillac,ELR,6,1,4,2,3,16,5,7,6,3,2,23,39,13:38,https://www.youtube.com/watch?v=ZZidmj1VaFw,Birmingham,Michigan,USA
2005,Pontiac,Vibe GT,4,1,3,3,2,13,3,4,5,7,6,25,38,22:32,https://www.youtube.com/watch?v=JWkFXH2jum4,San Diego,California,USA
1996,Mitsubishi,Pajero Mini,5,1,3,3,4,16,2,3,6,5,6,22,38,23:52,https://www.youtube.com/watch?v=9YRwb0d8Es4,Cookeville,Tennessee,Japan
1996,Ford ,Bronco,5,1,2,2,4,14,2,5,5,5,7,24,38,22:17,https://www.youtube.com/watch?v=NNkj1VgEc_M&t=2s,San Diego,California,USA
2001,Isuzu,VehiCROSS,3,1,3,3,4,14,2,4,6,5,7,24,38,23:29,https://www.youtube.com/watch?v=ZOszin9227Q,Castaic,California,Japan
1994,Ford,Explorer XLT,6,1,2,1,3,13,2,4,4,8,6,24,37,28:55,https://www.youtube.com/watch?v=RmIThRFrzLY,San Jose,California,USA
1989,Dodge,Dakota Convertible,4,1,2,3,5,15,2,4,5,4,7,22,37,22:12,https://www.youtube.com/watch?v=0sasiOhhjd0,Los Angeles,California,USA
1988,Volga,GAZ 24-10,3,1,2,3,5,14,2,6,4,5,6,23,37,22:25,https://www.youtube.com/watch?v=KuidQ9ang1Q&t=1121s,Los Angeles,California,Russia
2016,Los Res,Car,8,1,1,6,8,24,1,1,3,1,5,11,35,23:01,https://www.youtube.com/watch?v=_XDSGzrCG2o&t=1s,Los Angeles,California,Denmark
1992,Geo ,Metro Convertible,5,1,2,3,4,15,2,3,5,2,6,18,33,23:49,https://www.youtube.com/watch?v=2IvlXHwVamE&t=1s,San Diego,California,Japan
2005,Hummer,H2,4,1,2,1,1,9,3,7,2,9,2,23,32,9:00,https://www.youtube.com/watch?v=Uj2e_kqiN-Y,Orlando,Florida,USA
1975,Ferret,Tank,5,1,1,7,6,20,1,1,2,1,7,12,32,11:23,https://www.youtube.com/watch?v=v5tTSfWMeNo,Franklin,Tennessee,UK
2016,Mitsubishi,Mirage,3,1,2,1,1,8,3,4,3,7,6,23,31,22:33,https://www.youtube.com/watch?v=5aCsNs3eYTE,San Mateo,California,Japan
2012,Nissan,Murano CrossCabriolet,2,1,3,1,2,9,4,5,5,4,3,21,30,6:49,https://www.youtube.com/watch?v=dr4Y838Lg1w,Philadelphia,Pennsylvania,Japan
2017,Mercedes-Benz,Metris,3,1,3,1,1,9,4,6,4,6,1,21,30,25:30,https://www.youtube.com/watch?v=sa8kHgmZIiQ,Denver,Colorado,Germany
1988,Yugo,GV,3,1,2,3,6,15,2,3,1,3,5,14,29,9:51,https://www.youtube.com/watch?v=QN4UhS8cFTk,Douglasville,Georgia,Yugoslavia
1971,Trabant,Trabant,2,1,1,3,7,14,1,2,1,3,6,13,27,9:40,https://www.youtube.com/watch?v=No1-4GsQa-g,Fairfax,Virginia,East Germany
1969,BMW,Isetta,4,1,1,5,6,17,1,1,1,1,4,8,25,14:47,https://www.youtube.com/watch?v=k0dEzY-xld8,Huntingdon Valley,Pennsylvania,Germany